date,product_name,times_purchased,total_quantity_sold,total_revenue,times_added_to_cart,cart_to_purchase_rate
2025-01-01,Ring Alarm 8-piece,16,27,6749.73,16,100.0
2025-01-01,Video Doorbell Pro 2,12,17,4249.83,12,100.0
2025-01-01,Stick Up Cam Battery,14,19,1899.81,17,82.35
2025-01-01,Indoor Cam (2nd Gen),16,28,1679.72,18,88.89
2025-01-02,Video Doorbell Pro 2,20,32,7999.68,20,100.0
2025-01-02,Ring Alarm 8-piece,16,25,6249.75,17,94.12
2025-01-02,Stick Up Cam Battery,16,23,2299.77,18,88.89
2025-01-02,Indoor Cam (2nd Gen),14,24,1439.76,14,100.0
2025-01-03,Video Doorbell Pro 2,16,23,5749.77,13,123.08
2025-01-03,Ring Alarm 8-piece,13,21,5249.79,23,56.52
2025-01-03,Stick Up Cam Battery,23,28,2799.72,9,255.56
2025-01-03,Indoor Cam (2nd Gen),15,23,1379.77,12,125.0
2025-01-04,Video Doorbell Pro 2,20,28,6999.72,17,117.65
2025-01-04,Ring Alarm 8-piece,10,13,3249.87,17,58.82
2025-01-04,Stick Up Cam Battery,14,26,2599.74,20,70.0
2025-01-04,Indoor Cam (2nd Gen),11,14,839.86,20,55.0
2025-01-05,Video Doorbell Pro 2,20,32,7999.68,17,117.65
2025-01-05,Ring Alarm 8-piece,19,30,7499.7,19,100.0
2025-01-05,Stick Up Cam Battery,13,18,1799.82,19,68.42
2025-01-05,Indoor Cam (2nd Gen),19,30,1799.7,16,118.75
2025-01-06,Video Doorbell Pro 2,22,31,7749.69,19,115.79
2025-01-06,Ring Alarm 8-piece,17,28,6999.72,15,113.33
2025-01-06,Indoor Cam (2nd Gen),25,38,2279.62,22,113.64
2025-01-06,Stick Up Cam Battery,17,22,2199.78,21,80.95
2025-01-07,Video Doorbell Pro 2,14,21,5249.79,19,73.68
2025-01-07,Ring Alarm 8-piece,8,9,2249.91,17,47.06
2025-01-07,Stick Up Cam Battery,11,18,1799.82,15,73.33
2025-01-07,Indoor Cam (2nd Gen),11,19,1139.81,10,110.0
2025-01-08,Video Doorbell Pro 2,25,37,9249.63,20,125.0
2025-01-08,Ring Alarm 8-piece,22,27,6749.73,18,122.22
2025-01-08,Stick Up Cam Battery,21,30,2999.7,25,84.0
2025-01-08,Indoor Cam (2nd Gen),25,41,2459.59,15,166.67
2025-01-09,Video Doorbell Pro 2,16,25,6249.75,16,100.0
2025-01-09,Ring Alarm 8-piece,14,18,4499.82,24,58.33
2025-01-09,Stick Up Cam Battery,21,35,3499.65,17,123.53
2025-01-09,Indoor Cam (2nd Gen),8,10,599.9,12,66.67
2025-01-10,Ring Alarm 8-piece,17,25,6249.75,13,130.77
2025-01-10,Video Doorbell Pro 2,16,22,5499.78,21,76.19
2025-01-10,Stick Up Cam Battery,15,20,1999.8,17,88.24
2025-01-10,Indoor Cam (2nd Gen),11,14,839.86,17,64.71
2025-01-11,Ring Alarm 8-piece,14,20,4999.8,18,77.78
2025-01-11,Video Doorbell Pro 2,14,20,4999.8,13,107.69
2025-01-11,Stick Up Cam Battery,19,26,2599.74,22,86.36
2025-01-11,Indoor Cam (2nd Gen),17,26,1559.74,9,188.89
2025-01-12,Ring Alarm 8-piece,23,33,8249.67,15,153.33
2025-01-12,Video Doorbell Pro 2,18,23,5749.77,15,120.0
2025-01-12,Indoor Cam (2nd Gen),17,24,1439.76,22,77.27
2025-01-12,Stick Up Cam Battery,11,14,1399.86,17,64.71
2025-01-13,Ring Alarm 8-piece,19,25,6249.75,21,90.48
2025-01-13,Video Doorbell Pro 2,10,14,3499.86,16,62.5
2025-01-13,Stick Up Cam Battery,14,19,1899.81,21,66.67
2025-01-13,Indoor Cam (2nd Gen),16,22,1319.78,21,76.19
2025-01-14,Ring Alarm 8-piece,22,35,8749.65,18,122.22
2025-01-14,Video Doorbell Pro 2,21,27,6749.73,15,140.0
2025-01-14,Stick Up Cam Battery,20,32,3199.68,20,100.0
2025-01-14,Indoor Cam (2nd Gen),23,35,2099.65,14,164.29
2025-01-15,Ring Alarm 8-piece,10,17,4249.83,19,52.63
2025-01-15,Video Doorbell Pro 2,11,15,3749.85,15,73.33
2025-01-15,Stick Up Cam Battery,12,18,1799.82,16,75.0
2025-01-15,Indoor Cam (2nd Gen),10,14,839.86,14,71.43
2025-01-16,Ring Alarm 8-piece,17,26,6499.74,18,94.44
2025-01-16,Video Doorbell Pro 2,15,25,6249.75,14,107.14
2025-01-16,Indoor Cam (2nd Gen),16,27,1619.73,19,84.21
2025-01-16,Stick Up Cam Battery,9,12,1199.88,18,50.0
2025-01-17,Ring Alarm 8-piece,17,27,6749.73,20,85.0
2025-01-17,Video Doorbell Pro 2,15,21,5249.79,13,115.38
2025-01-17,Stick Up Cam Battery,18,27,2699.73,16,112.5
2025-01-17,Indoor Cam (2nd Gen),21,34,2039.66,17,123.53
2025-01-18,Video Doorbell Pro 2,16,22,5499.78,16,100.0
2025-01-18,Ring Alarm 8-piece,13,19,4749.81,19,68.42
2025-01-18,Stick Up Cam Battery,19,28,2799.72,14,135.71
2025-01-18,Indoor Cam (2nd Gen),14,24,1439.76,11,127.27
2025-01-19,Ring Alarm 8-piece,16,25,6249.75,19,84.21
2025-01-19,Video Doorbell Pro 2,15,22,5499.78,19,78.95
2025-01-19,Stick Up Cam Battery,16,24,2399.76,29,55.17
2025-01-19,Indoor Cam (2nd Gen),17,27,1619.73,20,85.0
2025-01-20,Video Doorbell Pro 2,19,30,7499.7,21,90.48
2025-01-20,Ring Alarm 8-piece,13,19,4749.81,17,76.47
2025-01-20,Stick Up Cam Battery,17,25,2499.75,22,77.27
2025-01-20,Indoor Cam (2nd Gen),20,33,1979.67,17,117.65
2025-01-21,Video Doorbell Pro 2,14,20,4999.8,18,77.78
2025-01-21,Ring Alarm 8-piece,11,18,4499.82,23,47.83
2025-01-21,Stick Up Cam Battery,14,22,2199.78,13,107.69
2025-01-21,Indoor Cam (2nd Gen),15,25,1499.75,17,88.24
2025-01-22,Video Doorbell Pro 2,17,30,7499.7,15,113.33
2025-01-22,Ring Alarm 8-piece,15,20,4999.8,8,187.5
2025-01-22,Indoor Cam (2nd Gen),13,21,1259.79,18,72.22
2025-01-22,Stick Up Cam Battery,9,12,1199.88,12,75.0
2025-01-23,Ring Alarm 8-piece,19,28,6999.72,14,135.71
2025-01-23,Video Doorbell Pro 2,16,25,6249.75,14,114.29
2025-01-23,Stick Up Cam Battery,16,26,2599.74,16,100.0
2025-01-23,Indoor Cam (2nd Gen),14,19,1139.81,17,82.35
2025-01-24,Ring Alarm 8-piece,14,24,5999.76,15,93.33
2025-01-24,Video Doorbell Pro 2,9,13,3249.87,21,42.86
2025-01-24,Stick Up Cam Battery,14,21,2099.79,13,107.69
2025-01-24,Indoor Cam (2nd Gen),14,17,1019.83,22,63.64
2025-01-25,Ring Alarm 8-piece,18,23,5749.77,13,138.46
2025-01-25,Video Doorbell Pro 2,7,12,2999.88,22,31.82
2025-01-25,Stick Up Cam Battery,12,20,1999.8,8,150.0
2025-01-25,Indoor Cam (2nd Gen),20,33,1979.67,20,100.0
2025-01-26,Video Doorbell Pro 2,15,24,5999.76,21,71.43
2025-01-26,Ring Alarm 8-piece,12,18,4499.82,14,85.71
2025-01-26,Stick Up Cam Battery,14,21,2099.79,13,107.69
2025-01-26,Indoor Cam (2nd Gen),11,16,959.84,11,100.0
2025-01-27,Video Doorbell Pro 2,17,28,6999.72,22,77.27
2025-01-27,Ring Alarm 8-piece,18,27,6749.73,10,180.0
2025-01-27,Stick Up Cam Battery,23,39,3899.61,19,121.05
2025-01-27,Indoor Cam (2nd Gen),19,29,1739.71,17,111.76
2025-01-28,Video Doorbell Pro 2,20,33,8249.67,14,142.86
2025-01-28,Ring Alarm 8-piece,13,20,4999.8,15,86.67
2025-01-28,Indoor Cam (2nd Gen),20,28,1679.72,16,125.0
2025-01-28,Stick Up Cam Battery,9,13,1299.87,23,39.13
2025-01-29,Ring Alarm 8-piece,20,28,6999.72,21,95.24
2025-01-29,Video Doorbell Pro 2,14,21,5249.79,16,87.5
2025-01-29,Indoor Cam (2nd Gen),26,41,2459.59,19,136.84
2025-01-29,Stick Up Cam Battery,14,20,1999.8,21,66.67
2025-01-30,Video Doorbell Pro 2,19,29,7249.71,13,146.15
2025-01-30,Ring Alarm 8-piece,18,26,6499.74,17,105.88
2025-01-30,Stick Up Cam Battery,19,31,3099.69,25,76.0
2025-01-30,Indoor Cam (2nd Gen),21,32,1919.68,18,116.67
2025-01-31,Video Doorbell Pro 2,18,24,5999.76,18,100.0
2025-01-31,Ring Alarm 8-piece,10,14,3499.86,12,83.33
2025-01-31,Stick Up Cam Battery,15,18,1799.82,23,65.22
2025-01-31,Indoor Cam (2nd Gen),18,24,1439.76,15,120.0
2025-02-01,Video Doorbell Pro 2,18,28,6999.72,17,105.88
2025-02-01,Ring Alarm 8-piece,15,18,4499.82,24,62.5
2025-02-01,Stick Up Cam Battery,26,36,3599.64,13,200.0
2025-02-01,Indoor Cam (2nd Gen),23,35,2099.65,22,104.55
2025-02-02,Ring Alarm 8-piece,21,32,7999.68,19,110.53
2025-02-02,Video Doorbell Pro 2,21,31,7749.69,15,140.0
2025-02-02,Stick Up Cam Battery,19,26,2599.74,20,95.0
2025-02-02,Indoor Cam (2nd Gen),17,28,1679.72,17,100.0
2025-02-03,Ring Alarm 8-piece,18,27,6749.73,13,138.46
2025-02-03,Video Doorbell Pro 2,14,21,5249.79,20,70.0
2025-02-03,Stick Up Cam Battery,20,28,2799.72,22,90.91
2025-02-03,Indoor Cam (2nd Gen),12,15,899.85,15,80.0
2025-02-04,Ring Alarm 8-piece,17,28,6999.72,16,106.25
2025-02-04,Video Doorbell Pro 2,14,19,4749.81,21,66.67
2025-02-04,Stick Up Cam Battery,12,19,1899.81,20,60.0
2025-02-04,Indoor Cam (2nd Gen),13,18,1079.82,16,81.25
2025-02-05,Ring Alarm 8-piece,15,23,5749.77,18,83.33
2025-02-05,Video Doorbell Pro 2,17,23,5749.77,18,94.44
2025-02-05,Stick Up Cam Battery,13,21,2099.79,11,118.18
2025-02-05,Indoor Cam (2nd Gen),11,18,1079.82,16,68.75
2025-02-06,Video Doorbell Pro 2,17,25,6249.75,14,121.43
2025-02-06,Ring Alarm 8-piece,16,23,5749.77,19,84.21
2025-02-06,Stick Up Cam Battery,13,17,1699.83,20,65.0
2025-02-06,Indoor Cam (2nd Gen),19,22,1319.78,25,76.0
2025-02-07,Ring Alarm 8-piece,19,27,6749.73,20,95.0
2025-02-07,Video Doorbell Pro 2,18,24,5999.76,20,90.0
2025-02-07,Stick Up Cam Battery,13,17,1699.83,19,68.42
2025-02-07,Indoor Cam (2nd Gen),14,21,1259.79,16,87.5
2025-02-08,Ring Alarm 8-piece,16,22,5499.78,21,76.19
2025-02-08,Video Doorbell Pro 2,12,17,4249.83,10,120.0
2025-02-08,Stick Up Cam Battery,11,17,1699.83,14,78.57
2025-02-08,Indoor Cam (2nd Gen),13,23,1379.77,26,50.0
2025-02-09,Ring Alarm 8-piece,20,29,7249.71,16,125.0
2025-02-09,Video Doorbell Pro 2,17,27,6749.73,17,100.0
2025-02-09,Stick Up Cam Battery,17,26,2599.74,20,85.0
2025-02-09,Indoor Cam (2nd Gen),20,29,1739.71,17,117.65
2025-02-10,Video Doorbell Pro 2,15,25,6249.75,16,93.75
2025-02-10,Ring Alarm 8-piece,10,14,3499.86,21,47.62
2025-02-10,Stick Up Cam Battery,13,20,1999.8,20,65.0
2025-02-10,Indoor Cam (2nd Gen),12,19,1139.81,13,92.31
2025-02-11,Ring Alarm 8-piece,13,18,4499.82,15,86.67
2025-02-11,Video Doorbell Pro 2,12,18,4499.82,22,54.55
2025-02-11,Stick Up Cam Battery,16,21,2099.79,19,84.21
2025-02-11,Indoor Cam (2nd Gen),14,21,1259.79,18,77.78
2025-02-12,Video Doorbell Pro 2,22,32,7999.68,17,129.41
2025-02-12,Ring Alarm 8-piece,17,26,6499.74,15,113.33
2025-02-12,Stick Up Cam Battery,12,16,1599.84,12,100.0
2025-02-12,Indoor Cam (2nd Gen),18,26,1559.74,23,78.26
2025-02-13,Ring Alarm 8-piece,13,21,5249.79,20,65.0
2025-02-13,Video Doorbell Pro 2,9,14,3499.86,14,64.29
2025-02-13,Indoor Cam (2nd Gen),13,23,1379.77,14,92.86
2025-02-13,Stick Up Cam Battery,9,11,1099.89,20,45.0
2025-02-14,Video Doorbell Pro 2,10,15,3749.85,14,71.43
2025-02-14,Ring Alarm 8-piece,8,12,2999.88,17,47.06
2025-02-14,Stick Up Cam Battery,13,15,1499.85,10,130.0
2025-02-14,Indoor Cam (2nd Gen),13,20,1199.8,14,92.86
2025-02-15,Ring Alarm 8-piece,18,27,6749.73,14,128.57
2025-02-15,Video Doorbell Pro 2,14,23,5749.77,14,100.0
2025-02-15,Stick Up Cam Battery,16,23,2299.77,19,84.21
2025-02-15,Indoor Cam (2nd Gen),12,16,959.84,14,85.71
2025-02-16,Ring Alarm 8-piece,19,29,7249.71,11,172.73
2025-02-16,Video Doorbell Pro 2,17,25,6249.75,19,89.47
2025-02-16,Stick Up Cam Battery,22,36,3599.64,14,157.14
2025-02-16,Indoor Cam (2nd Gen),15,22,1319.78,19,78.95
2025-02-17,Video Doorbell Pro 2,16,22,5499.78,22,72.73
2025-02-17,Ring Alarm 8-piece,16,21,5249.79,17,94.12
2025-02-17,Stick Up Cam Battery,15,24,2399.76,19,78.95
2025-02-17,Indoor Cam (2nd Gen),17,25,1499.75,17,100.0
2025-02-18,Ring Alarm 8-piece,20,29,7249.71,22,90.91
2025-02-18,Video Doorbell Pro 2,13,20,4999.8,18,72.22
2025-02-18,Stick Up Cam Battery,18,28,2799.72,17,105.88
2025-02-18,Indoor Cam (2nd Gen),19,28,1679.72,15,126.67
2025-02-19,Ring Alarm 8-piece,12,18,4499.82,10,120.0
2025-02-19,Video Doorbell Pro 2,12,17,4249.83,19,63.16
2025-02-19,Stick Up Cam Battery,10,13,1299.87,18,55.56
2025-02-19,Indoor Cam (2nd Gen),10,16,959.84,15,66.67
2025-02-20,Ring Alarm 8-piece,13,22,5499.78,8,162.5
2025-02-20,Video Doorbell Pro 2,15,22,5499.78,20,75.0
2025-02-20,Stick Up Cam Battery,14,20,1999.8,22,63.64
2025-02-20,Indoor Cam (2nd Gen),17,25,1499.75,13,130.77
2025-02-21,Ring Alarm 8-piece,14,21,5249.79,31,45.16
2025-02-21,Video Doorbell Pro 2,11,17,4249.83,20,55.0
2025-02-21,Stick Up Cam Battery,13,20,1999.8,11,118.18
2025-02-21,Indoor Cam (2nd Gen),15,24,1439.76,14,107.14
2025-02-22,Video Doorbell Pro 2,16,27,6749.73,19,84.21
2025-02-22,Ring Alarm 8-piece,16,24,5999.76,20,80.0
2025-02-22,Stick Up Cam Battery,15,23,2299.77,11,136.36
2025-02-22,Indoor Cam (2nd Gen),17,25,1499.75,14,121.43
2025-02-23,Ring Alarm 8-piece,12,20,4999.8,7,171.43
2025-02-23,Video Doorbell Pro 2,11,14,3499.86,25,44.0
2025-02-23,Stick Up Cam Battery,12,17,1699.83,21,57.14
2025-02-23,Indoor Cam (2nd Gen),15,26,1559.74,15,100.0
2025-02-24,Video Doorbell Pro 2,22,28,6999.72,16,137.5
2025-02-24,Ring Alarm 8-piece,18,23,5749.77,26,69.23
2025-02-24,Stick Up Cam Battery,23,37,3699.63,18,127.78
2025-02-24,Indoor Cam (2nd Gen),20,28,1679.72,23,86.96
2025-02-25,Ring Alarm 8-piece,21,30,7499.7,25,84.0
2025-02-25,Video Doorbell Pro 2,10,13,3249.87,21,47.62
2025-02-25,Stick Up Cam Battery,20,32,3199.68,18,111.11
2025-02-25,Indoor Cam (2nd Gen),17,27,1619.73,18,94.44
2025-02-26,Video Doorbell Pro 2,23,35,8749.65,24,95.83
2025-02-26,Ring Alarm 8-piece,17,27,6749.73,18,94.44
2025-02-26,Stick Up Cam Battery,14,18,1799.82,15,93.33
2025-02-26,Indoor Cam (2nd Gen),18,24,1439.76,12,150.0
2025-02-27,Ring Alarm 8-piece,18,28,6999.72,19,94.74
2025-02-27,Video Doorbell Pro 2,11,13,3249.87,14,78.57
2025-02-27,Stick Up Cam Battery,14,22,2199.78,14,100.0
2025-02-27,Indoor Cam (2nd Gen),22,35,2099.65,15,146.67
2025-02-28,Video Doorbell Pro 2,19,26,6499.74,13,146.15
2025-02-28,Ring Alarm 8-piece,16,22,5499.78,23,69.57
2025-02-28,Stick Up Cam Battery,12,17,1699.83,17,70.59
2025-02-28,Indoor Cam (2nd Gen),17,25,1499.75,21,80.95
2025-03-01,Video Doorbell Pro 2,15,25,6249.75,15,100.0
2025-03-01,Ring Alarm 8-piece,15,19,4749.81,26,57.69
2025-03-01,Stick Up Cam Battery,21,32,3199.68,16,131.25
2025-03-01,Indoor Cam (2nd Gen),21,30,1799.7,16,131.25
2025-03-02,Video Doorbell Pro 2,16,24,5999.76,14,114.29
2025-03-02,Ring Alarm 8-piece,14,21,5249.79,20,70.0
2025-03-02,Stick Up Cam Battery,16,23,2299.77,18,88.89
2025-03-02,Indoor Cam (2nd Gen),12,17,1019.83,21,57.14
2025-03-03,Ring Alarm 8-piece,15,25,6249.75,13,115.38
2025-03-03,Video Doorbell Pro 2,11,16,3999.84,18,61.11
2025-03-03,Indoor Cam (2nd Gen),22,31,1859.69,11,200.0
2025-03-03,Stick Up Cam Battery,11,14,1399.86,16,68.75
2025-03-04,Video Doorbell Pro 2,12,19,4749.81,11,109.09
2025-03-04,Ring Alarm 8-piece,12,17,4249.83,19,63.16
2025-03-04,Stick Up Cam Battery,11,20,1999.8,23,47.83
2025-03-04,Indoor Cam (2nd Gen),11,17,1019.83,8,137.5
2025-03-05,Video Doorbell Pro 2,22,35,8749.65,19,115.79
2025-03-05,Ring Alarm 8-piece,15,23,5749.77,19,78.95
2025-03-05,Stick Up Cam Battery,20,32,3199.68,18,111.11
2025-03-05,Indoor Cam (2nd Gen),15,25,1499.75,25,60.0
2025-03-06,Ring Alarm 8-piece,10,17,4249.83,12,83.33
2025-03-06,Video Doorbell Pro 2,11,14,3499.86,11,100.0
2025-03-06,Stick Up Cam Battery,10,16,1599.84,16,62.5
2025-03-06,Indoor Cam (2nd Gen),16,23,1379.77,19,84.21
2025-03-07,Ring Alarm 8-piece,21,32,7999.68,20,105.0
2025-03-07,Video Doorbell Pro 2,13,20,4999.8,16,81.25
2025-03-07,Stick Up Cam Battery,13,18,1799.82,13,100.0
2025-03-07,Indoor Cam (2nd Gen),12,17,1019.83,12,100.0
2025-03-08,Video Doorbell Pro 2,18,27,6749.73,16,112.5
2025-03-08,Ring Alarm 8-piece,17,24,5999.76,18,94.44
2025-03-08,Stick Up Cam Battery,17,27,2699.73,17,100.0
2025-03-08,Indoor Cam (2nd Gen),18,26,1559.74,21,85.71
2025-03-09,Video Doorbell Pro 2,20,32,7999.68,18,111.11
2025-03-09,Ring Alarm 8-piece,11,17,4249.83,18,61.11
2025-03-09,Stick Up Cam Battery,20,31,3099.69,22,90.91
2025-03-09,Indoor Cam (2nd Gen),17,24,1439.76,25,68.0
2025-03-10,Video Doorbell Pro 2,24,35,8749.65,17,141.18
2025-03-10,Ring Alarm 8-piece,19,26,6499.74,28,67.86
2025-03-10,Stick Up Cam Battery,19,28,2799.72,18,105.56
2025-03-10,Indoor Cam (2nd Gen),19,27,1619.73,19,100.0
2025-03-11,Video Doorbell Pro 2,9,13,3249.87,18,50.0
2025-03-11,Ring Alarm 8-piece,9,12,2999.88,16,56.25
2025-03-11,Stick Up Cam Battery,15,24,2399.76,17,88.24
2025-03-11,Indoor Cam (2nd Gen),19,27,1619.73,19,100.0
2025-03-12,Video Doorbell Pro 2,14,20,4999.8,21,66.67
2025-03-12,Ring Alarm 8-piece,9,14,3499.86,16,56.25
2025-03-12,Stick Up Cam Battery,10,15,1499.85,16,62.5
2025-03-12,Indoor Cam (2nd Gen),11,19,1139.81,8,137.5
2025-03-13,Ring Alarm 8-piece,14,20,4999.8,20,70.0
2025-03-13,Video Doorbell Pro 2,12,17,4249.83,18,66.67
2025-03-13,Indoor Cam (2nd Gen),17,31,1859.69,18,94.44
2025-03-13,Stick Up Cam Battery,12,17,1699.83,16,75.0
2025-03-14,Video Doorbell Pro 2,16,24,5999.76,22,72.73
2025-03-14,Ring Alarm 8-piece,14,22,5499.78,15,93.33
2025-03-14,Indoor Cam (2nd Gen),20,30,1799.7,17,117.65
2025-03-14,Stick Up Cam Battery,13,17,1699.83,10,130.0
2025-03-15,Ring Alarm 8-piece,22,33,8249.67,15,146.67
2025-03-15,Video Doorbell Pro 2,19,33,8249.67,17,111.76
2025-03-15,Stick Up Cam Battery,21,30,2999.7,19,110.53
2025-03-15,Indoor Cam (2nd Gen),14,23,1379.77,19,73.68
2025-03-16,Ring Alarm 8-piece,12,19,4749.81,23,52.17
2025-03-16,Video Doorbell Pro 2,15,18,4499.82,13,115.38
2025-03-16,Stick Up Cam Battery,17,26,2599.74,17,100.0
2025-03-16,Indoor Cam (2nd Gen),13,22,1319.78,19,68.42
2025-03-17,Video Doorbell Pro 2,15,25,6249.75,14,107.14
2025-03-17,Ring Alarm 8-piece,16,23,5749.77,11,145.45
2025-03-17,Stick Up Cam Battery,10,14,1399.86,13,76.92
2025-03-17,Indoor Cam (2nd Gen),12,18,1079.82,18,66.67
2025-03-18,Ring Alarm 8-piece,18,26,6499.74,15,120.0
2025-03-18,Video Doorbell Pro 2,16,26,6499.74,17,94.12
2025-03-18,Stick Up Cam Battery,15,20,1999.8,20,75.0
2025-03-18,Indoor Cam (2nd Gen),16,24,1439.76,21,76.19
2025-03-19,Video Doorbell Pro 2,16,22,5499.78,14,114.29
2025-03-19,Ring Alarm 8-piece,15,19,4749.81,13,115.38
2025-03-19,Stick Up Cam Battery,12,19,1899.81,20,60.0
2025-03-19,Indoor Cam (2nd Gen),14,20,1199.8,16,87.5
2025-03-20,Video Doorbell Pro 2,20,29,7249.71,19,105.26
2025-03-20,Ring Alarm 8-piece,17,27,6749.73,21,80.95
2025-03-20,Stick Up Cam Battery,18,27,2699.73,19,94.74
2025-03-20,Indoor Cam (2nd Gen),28,44,2639.56,20,140.0
2025-03-21,Video Doorbell Pro 2,18,26,6499.74,15,120.0
2025-03-21,Ring Alarm 8-piece,13,20,4999.8,16,81.25
2025-03-21,Stick Up Cam Battery,19,29,2899.71,15,126.67
2025-03-21,Indoor Cam (2nd Gen),21,31,1859.69,19,110.53
2025-03-22,Video Doorbell Pro 2,11,16,3999.84,19,57.89
2025-03-22,Ring Alarm 8-piece,10,13,3249.87,13,76.92
2025-03-22,Stick Up Cam Battery,10,15,1499.85,13,76.92
2025-03-22,Indoor Cam (2nd Gen),9,12,719.88,21,42.86
2025-03-23,Video Doorbell Pro 2,21,30,7499.7,21,100.0
2025-03-23,Ring Alarm 8-piece,14,20,4999.8,24,58.33
2025-03-23,Stick Up Cam Battery,19,29,2899.71,17,111.76
2025-03-23,Indoor Cam (2nd Gen),20,31,1859.69,19,105.26
2025-03-24,Ring Alarm 8-piece,20,29,7249.71,17,117.65
2025-03-24,Video Doorbell Pro 2,15,26,6499.74,22,68.18
2025-03-24,Stick Up Cam Battery,16,25,2499.75,19,84.21
2025-03-24,Indoor Cam (2nd Gen),11,14,839.86,15,73.33
2025-03-25,Video Doorbell Pro 2,18,26,6499.74,15,120.0
2025-03-25,Ring Alarm 8-piece,9,16,3999.84,26,34.62
2025-03-25,Stick Up Cam Battery,27,39,3899.61,19,142.11
2025-03-25,Indoor Cam (2nd Gen),18,30,1799.7,8,225.0
2025-03-26,Ring Alarm 8-piece,20,33,8249.67,21,95.24
2025-03-26,Video Doorbell Pro 2,13,19,4749.81,17,76.47
2025-03-26,Stick Up Cam Battery,18,28,2799.72,10,180.0
2025-03-26,Indoor Cam (2nd Gen),16,22,1319.78,14,114.29
2025-03-27,Video Doorbell Pro 2,19,31,7749.69,11,172.73
2025-03-27,Ring Alarm 8-piece,15,20,4999.8,14,107.14
2025-03-27,Stick Up Cam Battery,23,37,3699.63,28,82.14
2025-03-27,Indoor Cam (2nd Gen),26,39,2339.61,24,108.33
2025-03-28,Ring Alarm 8-piece,16,25,6249.75,13,123.08
2025-03-28,Video Doorbell Pro 2,16,23,5749.77,16,100.0
2025-03-28,Stick Up Cam Battery,18,27,2699.73,20,90.0
2025-03-28,Indoor Cam (2nd Gen),14,21,1259.79,20,70.0
2025-03-29,Ring Alarm 8-piece,22,31,7749.69,23,95.65
2025-03-29,Video Doorbell Pro 2,19,29,7249.71,21,90.48
2025-03-29,Stick Up Cam Battery,25,42,4199.58,20,125.0
2025-03-29,Indoor Cam (2nd Gen),21,36,2159.64,20,105.0
2025-03-30,Ring Alarm 8-piece,18,29,7249.71,15,120.0
2025-03-30,Video Doorbell Pro 2,19,28,6999.72,16,118.75
2025-03-30,Stick Up Cam Battery,25,34,3399.66,25,100.0
2025-03-30,Indoor Cam (2nd Gen),17,24,1439.76,20,85.0
2025-03-31,Video Doorbell Pro 2,22,29,7249.71,13,169.23
2025-03-31,Ring Alarm 8-piece,18,28,6999.72,21,85.71
2025-03-31,Stick Up Cam Battery,21,30,2999.7,20,105.0
2025-03-31,Indoor Cam (2nd Gen),18,32,1919.68,16,112.5
2025-04-01,Video Doorbell Pro 2,17,27,6749.73,13,130.77
2025-04-01,Ring Alarm 8-piece,15,21,5249.79,16,93.75
2025-04-01,Stick Up Cam Battery,20,32,3199.68,17,117.65
2025-04-01,Indoor Cam (2nd Gen),14,24,1439.76,14,100.0
2025-04-02,Ring Alarm 8-piece,16,24,5999.76,12,133.33
2025-04-02,Video Doorbell Pro 2,12,19,4749.81,17,70.59
2025-04-02,Stick Up Cam Battery,16,24,2399.76,17,94.12
2025-04-02,Indoor Cam (2nd Gen),14,24,1439.76,18,77.78
2025-04-03,Ring Alarm 8-piece,17,26,6499.74,13,130.77
2025-04-03,Video Doorbell Pro 2,11,15,3749.85,18,61.11
2025-04-03,Stick Up Cam Battery,16,23,2299.77,18,88.89
2025-04-03,Indoor Cam (2nd Gen),16,25,1499.75,10,160.0
2025-04-04,Ring Alarm 8-piece,25,36,8999.64,20,125.0
2025-04-04,Video Doorbell Pro 2,19,30,7499.7,19,100.0
2025-04-04,Stick Up Cam Battery,20,29,2899.71,19,105.26
2025-04-04,Indoor Cam (2nd Gen),13,17,1019.83,17,76.47
2025-04-05,Video Doorbell Pro 2,17,26,6499.74,16,106.25
2025-04-05,Ring Alarm 8-piece,14,23,5749.77,18,77.78
2025-04-05,Indoor Cam (2nd Gen),20,32,1919.68,18,111.11
2025-04-05,Stick Up Cam Battery,15,18,1799.82,21,71.43
2025-04-06,Video Doorbell Pro 2,20,30,7499.7,23,86.96
2025-04-06,Ring Alarm 8-piece,14,22,5499.78,19,73.68
2025-04-06,Stick Up Cam Battery,11,18,1799.82,19,57.89
2025-04-06,Indoor Cam (2nd Gen),19,29,1739.71,13,146.15
2025-04-07,Ring Alarm 8-piece,15,23,5749.77,17,88.24
2025-04-07,Video Doorbell Pro 2,13,17,4249.83,19,68.42
2025-04-07,Stick Up Cam Battery,16,26,2599.74,21,76.19
2025-04-07,Indoor Cam (2nd Gen),18,25,1499.75,17,105.88
2025-04-08,Ring Alarm 8-piece,16,24,5999.76,28,57.14
2025-04-08,Video Doorbell Pro 2,16,23,5749.77,18,88.89
2025-04-08,Stick Up Cam Battery,15,27,2699.73,14,107.14
2025-04-08,Indoor Cam (2nd Gen),21,29,1739.71,16,131.25
2025-04-09,Video Doorbell Pro 2,13,22,5499.78,13,100.0
2025-04-09,Ring Alarm 8-piece,14,21,5249.79,21,66.67
2025-04-09,Stick Up Cam Battery,12,18,1799.82,13,92.31
2025-04-09,Indoor Cam (2nd Gen),13,21,1259.79,17,76.47
2025-04-10,Ring Alarm 8-piece,21,34,8499.66,16,131.25
2025-04-10,Video Doorbell Pro 2,19,32,7999.68,17,111.76
2025-04-10,Stick Up Cam Battery,18,30,2999.7,17,105.88
2025-04-10,Indoor Cam (2nd Gen),19,28,1679.72,25,76.0
2025-04-11,Video Doorbell Pro 2,23,34,8499.66,19,121.05
2025-04-11,Ring Alarm 8-piece,16,22,5499.78,21,76.19
2025-04-11,Stick Up Cam Battery,18,27,2699.73,15,120.0
2025-04-11,Indoor Cam (2nd Gen),13,19,1139.81,24,54.17
2025-04-12,Ring Alarm 8-piece,12,17,4249.83,21,57.14
2025-04-12,Video Doorbell Pro 2,13,16,3999.84,24,54.17
2025-04-12,Stick Up Cam Battery,12,18,1799.82,11,109.09
2025-04-12,Indoor Cam (2nd Gen),7,11,659.89,17,41.18
2025-04-13,Video Doorbell Pro 2,19,28,6999.72,19,100.0
2025-04-13,Ring Alarm 8-piece,17,26,6499.74,12,141.67
2025-04-13,Stick Up Cam Battery,17,26,2599.74,20,85.0
2025-04-13,Indoor Cam (2nd Gen),17,27,1619.73,22,77.27
2025-04-14,Video Doorbell Pro 2,12,21,5249.79,22,54.55
2025-04-14,Ring Alarm 8-piece,13,18,4499.82,20,65.0
2025-04-14,Indoor Cam (2nd Gen),15,21,1259.79,12,125.0
2025-04-14,Stick Up Cam Battery,7,12,1199.88,21,33.33
2025-04-15,Ring Alarm 8-piece,19,29,7249.71,15,126.67
2025-04-15,Video Doorbell Pro 2,12,21,5249.79,11,109.09
2025-04-15,Stick Up Cam Battery,11,13,1299.87,21,52.38
2025-04-15,Indoor Cam (2nd Gen),12,18,1079.82,17,70.59
2025-04-16,Video Doorbell Pro 2,15,24,5999.76,15,100.0
2025-04-16,Ring Alarm 8-piece,12,17,4249.83,20,60.0
2025-04-16,Stick Up Cam Battery,12,20,1999.8,22,54.55
2025-04-16,Indoor Cam (2nd Gen),12,19,1139.81,16,75.0
2025-04-17,Ring Alarm 8-piece,21,28,6999.72,17,123.53
2025-04-17,Video Doorbell Pro 2,15,24,5999.76,12,125.0
2025-04-17,Stick Up Cam Battery,13,20,1999.8,21,61.9
2025-04-17,Indoor Cam (2nd Gen),19,27,1619.73,11,172.73
2025-04-18,Ring Alarm 8-piece,17,27,6749.73,17,100.0
2025-04-18,Video Doorbell Pro 2,15,21,5249.79,19,78.95
2025-04-18,Stick Up Cam Battery,15,22,2199.78,22,68.18
2025-04-18,Indoor Cam (2nd Gen),13,20,1199.8,22,59.09
2025-04-19,Ring Alarm 8-piece,16,27,6749.73,16,100.0
2025-04-19,Video Doorbell Pro 2,17,25,6249.75,14,121.43
2025-04-19,Stick Up Cam Battery,14,22,2199.78,17,82.35
2025-04-19,Indoor Cam (2nd Gen),16,24,1439.76,16,100.0
2025-04-20,Ring Alarm 8-piece,20,35,8749.65,20,100.0
2025-04-20,Video Doorbell Pro 2,14,20,4999.8,20,70.0
2025-04-20,Stick Up Cam Battery,16,25,2499.75,20,80.0
2025-04-20,Indoor Cam (2nd Gen),16,27,1619.73,25,64.0
2025-04-21,Video Doorbell Pro 2,22,30,7499.7,20,110.0
2025-04-21,Ring Alarm 8-piece,16,24,5999.76,16,100.0
2025-04-21,Stick Up Cam Battery,14,22,2199.78,22,63.64
2025-04-21,Indoor Cam (2nd Gen),17,24,1439.76,19,89.47
2025-04-22,Video Doorbell Pro 2,8,12,2999.88,15,53.33
2025-04-22,Ring Alarm 8-piece,8,10,2499.9,18,44.44
2025-04-22,Stick Up Cam Battery,11,19,1899.81,10,110.0
2025-04-22,Indoor Cam (2nd Gen),7,8,479.92,11,63.64
2025-04-23,Ring Alarm 8-piece,14,20,4999.8,12,116.67
2025-04-23,Video Doorbell Pro 2,11,17,4249.83,18,61.11
2025-04-23,Stick Up Cam Battery,11,15,1499.85,27,40.74
2025-04-23,Indoor Cam (2nd Gen),13,20,1199.8,11,118.18
2025-04-24,Video Doorbell Pro 2,21,32,7999.68,19,110.53
2025-04-24,Ring Alarm 8-piece,12,17,4249.83,13,92.31
2025-04-24,Stick Up Cam Battery,16,24,2399.76,15,106.67
2025-04-24,Indoor Cam (2nd Gen),17,28,1679.72,28,60.71
2025-04-25,Video Doorbell Pro 2,14,21,5249.79,18,77.78
2025-04-25,Ring Alarm 8-piece,14,18,4499.82,17,82.35
2025-04-25,Stick Up Cam Battery,17,28,2799.72,16,106.25
2025-04-25,Indoor Cam (2nd Gen),13,18,1079.82,12,108.33
2025-04-26,Ring Alarm 8-piece,10,16,3999.84,14,71.43
2025-04-26,Video Doorbell Pro 2,11,12,2999.88,13,84.62
2025-04-26,Stick Up Cam Battery,8,11,1099.89,14,57.14
2025-04-26,Indoor Cam (2nd Gen),9,15,899.85,17,52.94
2025-04-27,Video Doorbell Pro 2,15,23,5749.77,20,75.0
2025-04-27,Ring Alarm 8-piece,16,22,5499.78,13,123.08
2025-04-27,Stick Up Cam Battery,17,27,2699.73,12,141.67
2025-04-27,Indoor Cam (2nd Gen),14,22,1319.78,21,66.67
2025-04-28,Ring Alarm 8-piece,13,15,3749.85,11,118.18
2025-04-28,Video Doorbell Pro 2,6,8,1999.92,21,28.57
2025-04-28,Stick Up Cam Battery,11,18,1799.82,12,91.67
2025-04-28,Indoor Cam (2nd Gen),8,14,839.86,17,47.06
2025-04-29,Video Doorbell Pro 2,21,33,8249.67,12,175.0
2025-04-29,Ring Alarm 8-piece,18,27,6749.73,19,94.74
2025-04-29,Stick Up Cam Battery,22,29,2899.71,16,137.5
2025-04-29,Indoor Cam (2nd Gen),16,23,1379.77,35,45.71
2025-04-30,Video Doorbell Pro 2,12,19,4749.81,22,54.55
2025-04-30,Ring Alarm 8-piece,14,18,4499.82,16,87.5
2025-04-30,Stick Up Cam Battery,13,19,1899.81,21,61.9
2025-04-30,Indoor Cam (2nd Gen),17,25,1499.75,15,113.33
2025-05-01,Video Doorbell Pro 2,24,33,8249.67,15,160.0
2025-05-01,Ring Alarm 8-piece,18,25,6249.75,20,90.0
2025-05-01,Stick Up Cam Battery,26,41,4099.59,32,81.25
2025-05-01,Indoor Cam (2nd Gen),20,30,1799.7,18,111.11
2025-05-02,Ring Alarm 8-piece,16,24,5999.76,15,106.67
2025-05-02,Video Doorbell Pro 2,11,15,3749.85,19,57.89
2025-05-02,Stick Up Cam Battery,18,27,2699.73,11,163.64
2025-05-02,Indoor Cam (2nd Gen),18,27,1619.73,24,75.0
2025-05-03,Video Doorbell Pro 2,10,14,3499.86,8,125.0
2025-05-03,Ring Alarm 8-piece,6,10,2499.9,20,30.0
2025-05-03,Stick Up Cam Battery,13,20,1999.8,15,86.67
2025-05-03,Indoor Cam (2nd Gen),7,12,719.88,24,29.17
2025-05-04,Video Doorbell Pro 2,10,14,3499.86,11,90.91
2025-05-04,Ring Alarm 8-piece,8,13,3249.87,19,42.11
2025-05-04,Stick Up Cam Battery,13,21,2099.79,13,100.0
2025-05-04,Indoor Cam (2nd Gen),13,16,959.84,13,100.0
2025-05-05,Ring Alarm 8-piece,19,25,6249.75,13,146.15
2025-05-05,Video Doorbell Pro 2,18,25,6249.75,17,105.88
2025-05-05,Stick Up Cam Battery,15,20,1999.8,21,71.43
2025-05-05,Indoor Cam (2nd Gen),14,23,1379.77,17,82.35
2025-05-06,Video Doorbell Pro 2,22,37,9249.63,16,137.5
2025-05-06,Ring Alarm 8-piece,12,19,4749.81,15,80.0
2025-05-06,Stick Up Cam Battery,19,28,2799.72,12,158.33
2025-05-06,Indoor Cam (2nd Gen),11,18,1079.82,15,73.33
2025-05-07,Ring Alarm 8-piece,13,22,5499.78,22,59.09
2025-05-07,Video Doorbell Pro 2,13,20,4999.8,16,81.25
2025-05-07,Stick Up Cam Battery,14,23,2299.77,16,87.5
2025-05-07,Indoor Cam (2nd Gen),15,23,1379.77,13,115.38
2025-05-08,Video Doorbell Pro 2,12,16,3999.84,17,70.59
2025-05-08,Ring Alarm 8-piece,9,12,2999.88,15,60.0
2025-05-08,Stick Up Cam Battery,12,18,1799.82,14,85.71
2025-05-08,Indoor Cam (2nd Gen),14,19,1139.81,12,116.67
2025-05-09,Ring Alarm 8-piece,15,20,4999.8,21,71.43
2025-05-09,Video Doorbell Pro 2,11,15,3749.85,17,64.71
2025-05-09,Stick Up Cam Battery,12,17,1699.83,10,120.0
2025-05-09,Indoor Cam (2nd Gen),11,14,839.86,17,64.71
2025-05-10,Ring Alarm 8-piece,16,25,6249.75,19,84.21
2025-05-10,Video Doorbell Pro 2,13,15,3749.85,23,56.52
2025-05-10,Stick Up Cam Battery,16,24,2399.76,15,106.67
2025-05-10,Indoor Cam (2nd Gen),11,18,1079.82,21,52.38
2025-05-11,Ring Alarm 8-piece,21,33,8249.67,17,123.53
2025-05-11,Video Doorbell Pro 2,16,23,5749.77,17,94.12
2025-05-11,Stick Up Cam Battery,14,20,1999.8,28,50.0
2025-05-11,Indoor Cam (2nd Gen),19,32,1919.68,11,172.73
2025-05-12,Video Doorbell Pro 2,12,20,4999.8,16,75.0
2025-05-12,Ring Alarm 8-piece,9,12,2999.88,14,64.29
2025-05-12,Stick Up Cam Battery,12,18,1799.82,16,75.0
2025-05-12,Indoor Cam (2nd Gen),10,15,899.85,14,71.43
2025-05-13,Ring Alarm 8-piece,11,16,3999.84,10,110.0
2025-05-13,Video Doorbell Pro 2,9,14,3499.86,18,50.0
2025-05-13,Stick Up Cam Battery,12,17,1699.83,20,60.0
2025-05-13,Indoor Cam (2nd Gen),10,14,839.86,16,62.5
2025-05-14,Video Doorbell Pro 2,13,19,4749.81,19,68.42
2025-05-14,Ring Alarm 8-piece,11,15,3749.85,17,64.71
2025-05-14,Stick Up Cam Battery,13,19,1899.81,19,68.42
2025-05-14,Indoor Cam (2nd Gen),14,19,1139.81,12,116.67
2025-05-15,Ring Alarm 8-piece,19,30,7499.7,24,79.17
2025-05-15,Video Doorbell Pro 2,21,29,7249.71,17,123.53
2025-05-15,Stick Up Cam Battery,18,30,2999.7,22,81.82
2025-05-15,Indoor Cam (2nd Gen),18,28,1679.72,10,180.0
2025-05-16,Ring Alarm 8-piece,18,25,6249.75,20,90.0
2025-05-16,Video Doorbell Pro 2,17,25,6249.75,23,73.91
2025-05-16,Stick Up Cam Battery,16,24,2399.76,17,94.12
2025-05-16,Indoor Cam (2nd Gen),18,25,1499.75,14,128.57
2025-05-17,Ring Alarm 8-piece,25,42,10499.58,15,166.67
2025-05-17,Video Doorbell Pro 2,22,33,8249.67,24,91.67
2025-05-17,Stick Up Cam Battery,18,26,2599.74,15,120.0
2025-05-17,Indoor Cam (2nd Gen),21,30,1799.7,21,100.0
2025-05-18,Video Doorbell Pro 2,13,23,5749.77,20,65.0
2025-05-18,Ring Alarm 8-piece,11,16,3999.84,14,78.57
2025-05-18,Stick Up Cam Battery,13,23,2299.77,15,86.67
2025-05-18,Indoor Cam (2nd Gen),9,12,719.88,16,56.25
2025-05-19,Video Doorbell Pro 2,13,19,4749.81,12,108.33
2025-05-19,Ring Alarm 8-piece,11,17,4249.83,25,44.0
2025-05-19,Stick Up Cam Battery,17,26,2599.74,17,100.0
2025-05-19,Indoor Cam (2nd Gen),13,18,1079.82,13,100.0
2025-05-20,Video Doorbell Pro 2,15,20,4999.8,14,107.14
2025-05-20,Ring Alarm 8-piece,10,19,4749.81,23,43.48
2025-05-20,Stick Up Cam Battery,8,11,1099.89,12,66.67
2025-05-20,Indoor Cam (2nd Gen),10,14,839.86,20,50.0
2025-05-21,Video Doorbell Pro 2,15,26,6499.74,10,150.0
2025-05-21,Ring Alarm 8-piece,11,15,3749.85,17,64.71
2025-05-21,Stick Up Cam Battery,12,16,1599.84,19,63.16
2025-05-21,Indoor Cam (2nd Gen),10,15,899.85,19,52.63
2025-05-22,Ring Alarm 8-piece,15,25,6249.75,19,78.95
2025-05-22,Video Doorbell Pro 2,9,14,3499.86,21,42.86
2025-05-22,Stick Up Cam Battery,13,19,1899.81,19,68.42
2025-05-22,Indoor Cam (2nd Gen),16,26,1559.74,15,106.67
2025-05-23,Ring Alarm 8-piece,19,27,6749.73,19,100.0
2025-05-23,Video Doorbell Pro 2,16,24,5999.76,9,177.78
2025-05-23,Stick Up Cam Battery,11,16,1599.84,16,68.75
2025-05-23,Indoor Cam (2nd Gen),17,19,1139.81,19,89.47
2025-05-24,Video Doorbell Pro 2,17,27,6749.73,21,80.95
2025-05-24,Ring Alarm 8-piece,16,25,6249.75,14,114.29
2025-05-24,Stick Up Cam Battery,19,30,2999.7,11,172.73
2025-05-24,Indoor Cam (2nd Gen),15,19,1139.81,20,75.0
2025-05-25,Ring Alarm 8-piece,12,19,4749.81,17,70.59
2025-05-25,Video Doorbell Pro 2,11,14,3499.86,13,84.62
2025-05-25,Stick Up Cam Battery,14,21,2099.79,14,100.0
2025-05-25,Indoor Cam (2nd Gen),18,25,1499.75,15,120.0
2025-05-26,Ring Alarm 8-piece,23,36,8999.64,21,109.52
2025-05-26,Video Doorbell Pro 2,11,14,3499.86,11,100.0
2025-05-26,Stick Up Cam Battery,16,26,2599.74,19,84.21
2025-05-26,Indoor Cam (2nd Gen),17,24,1439.76,25,68.0
2025-05-27,Video Doorbell Pro 2,21,34,8499.66,19,110.53
2025-05-27,Ring Alarm 8-piece,21,31,7749.69,17,123.53
2025-05-27,Stick Up Cam Battery,18,31,3099.69,22,81.82
2025-05-27,Indoor Cam (2nd Gen),14,21,1259.79,16,87.5
2025-05-28,Ring Alarm 8-piece,17,24,5999.76,14,121.43
2025-05-28,Video Doorbell Pro 2,14,19,4749.81,18,77.78
2025-05-28,Stick Up Cam Battery,15,20,1999.8,11,136.36
2025-05-28,Indoor Cam (2nd Gen),10,14,839.86,13,76.92
2025-05-29,Ring Alarm 8-piece,19,24,5999.76,17,111.76
2025-05-29,Video Doorbell Pro 2,14,19,4749.81,16,87.5
2025-05-29,Stick Up Cam Battery,13,20,1999.8,21,61.9
2025-05-29,Indoor Cam (2nd Gen),18,28,1679.72,14,128.57
2025-05-30,Ring Alarm 8-piece,22,35,8749.65,18,122.22
2025-05-30,Video Doorbell Pro 2,21,30,7499.7,16,131.25
2025-05-30,Stick Up Cam Battery,15,21,2099.79,26,57.69
2025-05-30,Indoor Cam (2nd Gen),15,23,1379.77,13,115.38
2025-05-31,Ring Alarm 8-piece,13,22,5499.78,12,108.33
2025-05-31,Video Doorbell Pro 2,13,21,5249.79,17,76.47
2025-05-31,Stick Up Cam Battery,14,22,2199.78,18,77.78
2025-05-31,Indoor Cam (2nd Gen),12,18,1079.82,19,63.16
2025-06-01,Ring Alarm 8-piece,14,25,6249.75,16,87.5
2025-06-01,Video Doorbell Pro 2,14,20,4999.8,13,107.69
2025-06-01,Stick Up Cam Battery,13,23,2299.77,21,61.9
2025-06-01,Indoor Cam (2nd Gen),14,23,1379.77,24,58.33
2025-06-02,Video Doorbell Pro 2,24,37,9249.63,17,141.18
2025-06-02,Ring Alarm 8-piece,18,22,5499.78,20,90.0
2025-06-02,Stick Up Cam Battery,19,29,2899.71,14,135.71
2025-06-02,Indoor Cam (2nd Gen),16,23,1379.77,19,84.21
2025-06-03,Video Doorbell Pro 2,18,29,7249.71,12,150.0
2025-06-03,Ring Alarm 8-piece,20,28,6999.72,13,153.85
2025-06-03,Stick Up Cam Battery,13,20,1999.8,19,68.42
2025-06-03,Indoor Cam (2nd Gen),13,17,1019.83,17,76.47
2025-06-04,Ring Alarm 8-piece,14,21,5249.79,13,107.69
2025-06-04,Video Doorbell Pro 2,12,20,4999.8,22,54.55
2025-06-04,Stick Up Cam Battery,14,22,2199.78,19,73.68
2025-06-04,Indoor Cam (2nd Gen),12,15,899.85,13,92.31
2025-06-05,Video Doorbell Pro 2,26,40,9999.6,12,216.67
2025-06-05,Ring Alarm 8-piece,19,28,6999.72,28,67.86
2025-06-05,Stick Up Cam Battery,17,24,2399.76,23,73.91
2025-06-05,Indoor Cam (2nd Gen),24,37,2219.63,20,120.0
2025-06-06,Video Doorbell Pro 2,18,28,6999.72,17,105.88
2025-06-06,Ring Alarm 8-piece,17,26,6499.74,23,73.91
2025-06-06,Stick Up Cam Battery,15,24,2399.76,14,107.14
2025-06-06,Indoor Cam (2nd Gen),12,18,1079.82,13,92.31
2025-06-07,Video Doorbell Pro 2,23,33,8249.67,13,176.92
2025-06-07,Ring Alarm 8-piece,13,16,3999.84,16,81.25
2025-06-07,Stick Up Cam Battery,22,27,2699.73,17,129.41
2025-06-07,Indoor Cam (2nd Gen),17,24,1439.76,29,58.62
2025-06-08,Ring Alarm 8-piece,15,23,5749.77,13,115.38
2025-06-08,Video Doorbell Pro 2,10,16,3999.84,19,52.63
2025-06-08,Stick Up Cam Battery,17,27,2699.73,17,100.0
2025-06-08,Indoor Cam (2nd Gen),17,22,1319.78,16,106.25
2025-06-09,Video Doorbell Pro 2,13,20,4999.8,16,81.25
2025-06-09,Ring Alarm 8-piece,12,17,4249.83,17,70.59
2025-06-09,Stick Up Cam Battery,11,18,1799.82,8,137.5
2025-06-09,Indoor Cam (2nd Gen),11,16,959.84,13,84.62
2025-06-10,Video Doorbell Pro 2,20,27,6749.73,16,125.0
2025-06-10,Ring Alarm 8-piece,10,16,3999.84,15,66.67
2025-06-10,Stick Up Cam Battery,19,26,2599.74,30,63.33
2025-06-10,Indoor Cam (2nd Gen),16,23,1379.77,23,69.57
2025-06-11,Video Doorbell Pro 2,18,28,6999.72,21,85.71
2025-06-11,Ring Alarm 8-piece,13,18,4499.82,15,86.67
2025-06-11,Stick Up Cam Battery,18,26,2599.74,14,128.57
2025-06-11,Indoor Cam (2nd Gen),17,23,1379.77,19,89.47
2025-06-12,Video Doorbell Pro 2,21,33,8249.67,23,91.3
2025-06-12,Ring Alarm 8-piece,12,18,4499.82,16,75.0
2025-06-12,Stick Up Cam Battery,17,27,2699.73,12,141.67
2025-06-12,Indoor Cam (2nd Gen),18,28,1679.72,13,138.46
2025-06-13,Video Doorbell Pro 2,20,30,7499.7,20,100.0
2025-06-13,Ring Alarm 8-piece,18,25,6249.75,13,138.46
2025-06-13,Stick Up Cam Battery,24,37,3699.63,19,126.32
2025-06-13,Indoor Cam (2nd Gen),19,28,1679.72,20,95.0
2025-06-14,Ring Alarm 8-piece,17,30,7499.7,24,70.83
2025-06-14,Video Doorbell Pro 2,12,19,4749.81,16,75.0
2025-06-14,Stick Up Cam Battery,17,23,2299.77,13,130.77
2025-06-14,Indoor Cam (2nd Gen),15,23,1379.77,15,100.0
2025-06-15,Ring Alarm 8-piece,18,26,6499.74,10,180.0
2025-06-15,Video Doorbell Pro 2,13,22,5499.78,18,72.22
2025-06-15,Stick Up Cam Battery,12,17,1699.83,19,63.16
2025-06-15,Indoor Cam (2nd Gen),14,19,1139.81,23,60.87
2025-06-16,Ring Alarm 8-piece,19,29,7249.71,25,76.0
2025-06-16,Video Doorbell Pro 2,19,28,6999.72,17,111.76
2025-06-16,Stick Up Cam Battery,14,20,1999.8,14,100.0
2025-06-16,Indoor Cam (2nd Gen),10,12,719.88,22,45.45
2025-06-17,Ring Alarm 8-piece,16,24,5999.76,15,106.67
2025-06-17,Video Doorbell Pro 2,12,17,4249.83,21,57.14
2025-06-17,Stick Up Cam Battery,16,24,2399.76,12,133.33
2025-06-17,Indoor Cam (2nd Gen),15,24,1439.76,17,88.24
2025-06-18,Video Doorbell Pro 2,15,23,5749.77,18,83.33
2025-06-18,Ring Alarm 8-piece,13,19,4749.81,16,81.25
2025-06-18,Stick Up Cam Battery,12,18,1799.82,22,54.55
2025-06-18,Indoor Cam (2nd Gen),13,20,1199.8,16,81.25
2025-06-19,Ring Alarm 8-piece,15,22,5499.78,19,78.95
2025-06-19,Video Doorbell Pro 2,14,20,4999.8,17,82.35
2025-06-19,Stick Up Cam Battery,11,20,1999.8,21,52.38
2025-06-19,Indoor Cam (2nd Gen),10,16,959.84,15,66.67
2025-06-20,Ring Alarm 8-piece,18,25,6249.75,14,128.57
2025-06-20,Video Doorbell Pro 2,13,20,4999.8,17,76.47
2025-06-20,Stick Up Cam Battery,10,15,1499.85,21,47.62
2025-06-20,Indoor Cam (2nd Gen),17,25,1499.75,11,154.55
2025-06-21,Video Doorbell Pro 2,16,26,6499.74,9,177.78
2025-06-21,Ring Alarm 8-piece,19,25,6249.75,27,70.37
2025-06-21,Stick Up Cam Battery,21,29,2899.71,12,175.0
2025-06-21,Indoor Cam (2nd Gen),23,30,1799.7,17,135.29
2025-06-22,Ring Alarm 8-piece,13,21,5249.79,17,76.47
2025-06-22,Video Doorbell Pro 2,7,11,2749.89,10,70.0
2025-06-22,Stick Up Cam Battery,14,17,1699.83,15,93.33
2025-06-22,Indoor Cam (2nd Gen),17,24,1439.76,13,130.77
2025-06-23,Video Doorbell Pro 2,18,27,6749.73,12,150.0
2025-06-23,Ring Alarm 8-piece,18,26,6499.74,21,85.71
2025-06-23,Indoor Cam (2nd Gen),22,35,2099.65,10,220.0
2025-06-23,Stick Up Cam Battery,12,16,1599.84,18,66.67
2025-06-24,Video Doorbell Pro 2,16,21,5249.79,14,114.29
2025-06-24,Ring Alarm 8-piece,11,18,4499.82,9,122.22
2025-06-24,Stick Up Cam Battery,14,20,1999.8,20,70.0
2025-06-24,Indoor Cam (2nd Gen),12,20,1199.8,21,57.14
2025-06-25,Video Doorbell Pro 2,18,25,6249.75,17,105.88
2025-06-25,Ring Alarm 8-piece,16,23,5749.77,20,80.0
2025-06-25,Stick Up Cam Battery,16,27,2699.73,14,114.29
2025-06-25,Indoor Cam (2nd Gen),15,23,1379.77,19,78.95
2025-06-26,Video Doorbell Pro 2,16,23,5749.77,9,177.78
2025-06-26,Ring Alarm 8-piece,15,21,5249.79,18,83.33
2025-06-26,Indoor Cam (2nd Gen),13,20,1199.8,19,68.42
2025-06-26,Stick Up Cam Battery,8,11,1099.89,16,50.0
2025-06-27,Ring Alarm 8-piece,20,30,7499.7,23,86.96
2025-06-27,Video Doorbell Pro 2,13,20,4999.8,19,68.42
2025-06-27,Stick Up Cam Battery,21,31,3099.69,24,87.5
2025-06-27,Indoor Cam (2nd Gen),25,42,2519.58,20,125.0
2025-06-28,Ring Alarm 8-piece,15,22,5499.78,13,115.38
2025-06-28,Video Doorbell Pro 2,14,22,5499.78,22,63.64
2025-06-28,Stick Up Cam Battery,22,38,3799.62,24,91.67
2025-06-28,Indoor Cam (2nd Gen),21,30,1799.7,14,150.0
2025-06-29,Ring Alarm 8-piece,7,14,3499.86,19,36.84
2025-06-29,Video Doorbell Pro 2,6,9,2249.91,17,35.29
2025-06-29,Stick Up Cam Battery,10,14,1399.86,21,47.62
2025-06-29,Indoor Cam (2nd Gen),9,15,899.85,9,100.0
2025-06-30,Ring Alarm 8-piece,10,15,3749.85,19,52.63
2025-06-30,Video Doorbell Pro 2,9,13,3249.87,10,90.0
2025-06-30,Stick Up Cam Battery,11,17,1699.83,12,91.67
2025-06-30,Indoor Cam (2nd Gen),12,17,1019.83,17,70.59
2025-07-01,Ring Alarm 8-piece,20,32,7999.68,25,80.0
2025-07-01,Video Doorbell Pro 2,15,26,6499.74,15,100.0
2025-07-01,Stick Up Cam Battery,20,30,2999.7,22,90.91
2025-07-01,Indoor Cam (2nd Gen),14,20,1199.8,19,73.68
2025-07-02,Ring Alarm 8-piece,13,19,4749.81,14,92.86
2025-07-02,Video Doorbell Pro 2,8,12,2999.88,12,66.67
2025-07-02,Stick Up Cam Battery,9,11,1099.89,14,64.29
2025-07-02,Indoor Cam (2nd Gen),9,15,899.85,14,64.29
2025-07-03,Ring Alarm 8-piece,17,24,5999.76,16,106.25
2025-07-03,Video Doorbell Pro 2,13,14,3499.86,16,81.25
2025-07-03,Stick Up Cam Battery,18,27,2699.73,17,105.88
2025-07-03,Indoor Cam (2nd Gen),17,27,1619.73,19,89.47
2025-07-04,Video Doorbell Pro 2,22,34,8499.66,26,84.62
2025-07-04,Ring Alarm 8-piece,15,22,5499.78,17,88.24
2025-07-04,Stick Up Cam Battery,19,28,2799.72,19,100.0
2025-07-04,Indoor Cam (2nd Gen),19,27,1619.73,19,100.0
2025-07-05,Video Doorbell Pro 2,14,25,6249.75,17,82.35
2025-07-05,Ring Alarm 8-piece,14,20,4999.8,16,87.5
2025-07-05,Stick Up Cam Battery,17,24,2399.76,10,170.0
2025-07-05,Indoor Cam (2nd Gen),11,17,1019.83,12,91.67
2025-07-06,Ring Alarm 8-piece,16,26,6499.74,20,80.0
2025-07-06,Video Doorbell Pro 2,12,20,4999.8,10,120.0
2025-07-06,Stick Up Cam Battery,14,24,2399.76,20,70.0
2025-07-06,Indoor Cam (2nd Gen),13,20,1199.8,15,86.67
2025-07-07,Video Doorbell Pro 2,16,27,6749.73,20,80.0
2025-07-07,Ring Alarm 8-piece,14,20,4999.8,19,73.68
2025-07-07,Stick Up Cam Battery,21,32,3199.68,8,262.5
2025-07-07,Indoor Cam (2nd Gen),16,27,1619.73,24,66.67
2025-07-08,Ring Alarm 8-piece,14,22,5499.78,13,107.69
2025-07-08,Video Doorbell Pro 2,13,20,4999.8,17,76.47
2025-07-08,Stick Up Cam Battery,15,24,2399.76,13,115.38
2025-07-08,Indoor Cam (2nd Gen),11,17,1019.83,16,68.75
2025-07-09,Video Doorbell Pro 2,12,19,4749.81,15,80.0
2025-07-09,Ring Alarm 8-piece,12,18,4499.82,13,92.31
2025-07-09,Stick Up Cam Battery,15,23,2299.77,10,150.0
2025-07-09,Indoor Cam (2nd Gen),12,16,959.84,12,100.0
2025-07-10,Video Doorbell Pro 2,22,34,8499.66,20,110.0
2025-07-10,Ring Alarm 8-piece,17,28,6999.72,21,80.95
2025-07-10,Stick Up Cam Battery,21,33,3299.67,22,95.45
2025-07-10,Indoor Cam (2nd Gen),16,21,1259.79,17,94.12
2025-07-11,Ring Alarm 8-piece,14,25,6249.75,10,140.0
2025-07-11,Video Doorbell Pro 2,14,21,5249.79,19,73.68
2025-07-11,Stick Up Cam Battery,10,14,1399.86,17,58.82
2025-07-11,Indoor Cam (2nd Gen),10,14,839.86,15,66.67
2025-07-12,Video Doorbell Pro 2,20,30,7499.7,10,200.0
2025-07-12,Ring Alarm 8-piece,12,18,4499.82,17,70.59
2025-07-12,Stick Up Cam Battery,13,20,1999.8,12,108.33
2025-07-12,Indoor Cam (2nd Gen),13,20,1199.8,16,81.25
2025-07-13,Ring Alarm 8-piece,14,22,5499.78,17,82.35
2025-07-13,Video Doorbell Pro 2,14,21,5249.79,14,100.0
2025-07-13,Stick Up Cam Battery,13,18,1799.82,17,76.47
2025-07-13,Indoor Cam (2nd Gen),15,25,1499.75,18,83.33
2025-07-14,Ring Alarm 8-piece,18,28,6999.72,11,163.64
2025-07-14,Video Doorbell Pro 2,15,23,5749.77,22,68.18
2025-07-14,Stick Up Cam Battery,18,32,3199.68,19,94.74
2025-07-14,Indoor Cam (2nd Gen),19,28,1679.72,20,95.0
2025-07-15,Video Doorbell Pro 2,23,32,7999.68,14,164.29
2025-07-15,Ring Alarm 8-piece,18,25,6249.75,22,81.82
2025-07-15,Stick Up Cam Battery,18,24,2399.76,27,66.67
2025-07-15,Indoor Cam (2nd Gen),24,34,2039.66,18,133.33
2025-07-16,Video Doorbell Pro 2,19,30,7499.7,17,111.76
2025-07-16,Ring Alarm 8-piece,13,18,4499.82,22,59.09
2025-07-16,Stick Up Cam Battery,19,33,3299.67,24,79.17
2025-07-16,Indoor Cam (2nd Gen),15,24,1439.76,13,115.38
2025-07-17,Video Doorbell Pro 2,19,27,6749.73,19,100.0
2025-07-17,Ring Alarm 8-piece,16,21,5249.79,15,106.67
2025-07-17,Stick Up Cam Battery,16,29,2899.71,17,94.12
2025-07-17,Indoor Cam (2nd Gen),21,34,2039.66,14,150.0
2025-07-18,Video Doorbell Pro 2,18,30,7499.7,13,138.46
2025-07-18,Ring Alarm 8-piece,15,25,6249.75,14,107.14
2025-07-18,Stick Up Cam Battery,17,26,2599.74,22,77.27
2025-07-18,Indoor Cam (2nd Gen),19,29,1739.71,16,118.75
2025-07-19,Ring Alarm 8-piece,12,21,5249.79,21,57.14
2025-07-19,Video Doorbell Pro 2,13,19,4749.81,24,54.17
2025-07-19,Stick Up Cam Battery,14,21,2099.79,17,82.35
2025-07-19,Indoor Cam (2nd Gen),14,22,1319.78,24,58.33
2025-07-20,Ring Alarm 8-piece,16,24,5999.76,16,100.0
2025-07-20,Video Doorbell Pro 2,15,21,5249.79,16,93.75
2025-07-20,Stick Up Cam Battery,13,19,1899.81,18,72.22
2025-07-20,Indoor Cam (2nd Gen),16,23,1379.77,13,123.08
2025-07-21,Video Doorbell Pro 2,15,24,5999.76,16,93.75
2025-07-21,Ring Alarm 8-piece,16,20,4999.8,17,94.12
2025-07-21,Stick Up Cam Battery,16,28,2799.72,22,72.73
2025-07-21,Indoor Cam (2nd Gen),16,24,1439.76,16,100.0
2025-07-22,Video Doorbell Pro 2,17,28,6999.72,21,80.95
2025-07-22,Ring Alarm 8-piece,10,14,3499.86,20,50.0
2025-07-22,Stick Up Cam Battery,15,25,2499.75,18,83.33
2025-07-22,Indoor Cam (2nd Gen),15,19,1139.81,13,115.38
2025-07-23,Ring Alarm 8-piece,14,21,5249.79,18,77.78
2025-07-23,Video Doorbell Pro 2,10,12,2999.88,13,76.92
2025-07-23,Stick Up Cam Battery,18,25,2499.75,10,180.0
2025-07-23,Indoor Cam (2nd Gen),12,21,1259.79,18,66.67
2025-07-24,Video Doorbell Pro 2,18,25,6249.75,18,100.0
2025-07-24,Ring Alarm 8-piece,14,19,4749.81,17,82.35
2025-07-24,Stick Up Cam Battery,16,26,2599.74,14,114.29
2025-07-24,Indoor Cam (2nd Gen),11,14,839.86,26,42.31
2025-07-25,Ring Alarm 8-piece,16,26,6499.74,14,114.29
2025-07-25,Video Doorbell Pro 2,13,20,4999.8,14,92.86
2025-07-25,Stick Up Cam Battery,16,27,2699.73,20,80.0
2025-07-25,Indoor Cam (2nd Gen),15,26,1559.74,17,88.24
2025-07-26,Ring Alarm 8-piece,25,37,9249.63,16,156.25
2025-07-26,Video Doorbell Pro 2,20,27,6749.73,26,76.92
2025-07-26,Stick Up Cam Battery,15,21,2099.79,17,88.24
2025-07-26,Indoor Cam (2nd Gen),22,32,1919.68,20,110.0
2025-07-27,Ring Alarm 8-piece,15,24,5999.76,28,53.57
2025-07-27,Video Doorbell Pro 2,13,24,5999.76,13,100.0
2025-07-27,Stick Up Cam Battery,12,16,1599.84,15,80.0
2025-07-27,Indoor Cam (2nd Gen),10,15,899.85,14,71.43
2025-07-28,Video Doorbell Pro 2,19,29,7249.71,16,118.75
2025-07-28,Ring Alarm 8-piece,19,27,6749.73,22,86.36
2025-07-28,Stick Up Cam Battery,21,31,3099.69,18,116.67
2025-07-28,Indoor Cam (2nd Gen),19,28,1679.72,18,105.56
2025-07-29,Ring Alarm 8-piece,10,17,4249.83,16,62.5
2025-07-29,Video Doorbell Pro 2,10,15,3749.85,14,71.43
2025-07-29,Stick Up Cam Battery,13,20,1999.8,14,92.86
2025-07-29,Indoor Cam (2nd Gen),14,25,1499.75,10,140.0
2025-07-30,Video Doorbell Pro 2,17,27,6749.73,16,106.25
2025-07-30,Ring Alarm 8-piece,13,16,3999.84,23,56.52
2025-07-30,Indoor Cam (2nd Gen),19,27,1619.73,19,100.0
2025-07-30,Stick Up Cam Battery,11,16,1599.84,24,45.83
2025-07-31,Video Doorbell Pro 2,17,27,6749.73,19,89.47
2025-07-31,Ring Alarm 8-piece,16,22,5499.78,20,80.0
2025-07-31,Stick Up Cam Battery,18,22,2199.78,15,120.0
2025-07-31,Indoor Cam (2nd Gen),23,33,1979.67,23,100.0
2025-08-01,Ring Alarm 8-piece,16,22,5499.78,19,84.21
2025-08-01,Video Doorbell Pro 2,13,18,4499.82,19,68.42
2025-08-01,Stick Up Cam Battery,15,23,2299.77,15,100.0
2025-08-01,Indoor Cam (2nd Gen),18,29,1739.71,22,81.82
2025-08-02,Video Doorbell Pro 2,15,25,6249.75,22,68.18
2025-08-02,Ring Alarm 8-piece,13,20,4999.8,18,72.22
2025-08-02,Stick Up Cam Battery,15,23,2299.77,17,88.24
2025-08-02,Indoor Cam (2nd Gen),11,16,959.84,13,84.62
2025-08-03,Video Doorbell Pro 2,15,25,6249.75,15,100.0
2025-08-03,Ring Alarm 8-piece,15,23,5749.77,14,107.14
2025-08-03,Stick Up Cam Battery,19,32,3199.68,25,76.0
2025-08-03,Indoor Cam (2nd Gen),18,25,1499.75,17,105.88
2025-08-04,Video Doorbell Pro 2,26,42,10499.58,27,96.3
2025-08-04,Ring Alarm 8-piece,22,32,7999.68,16,137.5
2025-08-04,Stick Up Cam Battery,23,31,3099.69,19,121.05
2025-08-04,Indoor Cam (2nd Gen),22,33,1979.67,17,129.41
2025-08-05,Video Doorbell Pro 2,12,18,4499.82,13,92.31
2025-08-05,Ring Alarm 8-piece,11,14,3499.86,16,68.75
2025-08-05,Stick Up Cam Battery,15,28,2799.72,10,150.0
2025-08-05,Indoor Cam (2nd Gen),15,22,1319.78,15,100.0
2025-08-06,Ring Alarm 8-piece,15,21,5249.79,6,250.0
2025-08-06,Video Doorbell Pro 2,12,18,4499.82,17,70.59
2025-08-06,Stick Up Cam Battery,17,24,2399.76,24,70.83
2025-08-06,Indoor Cam (2nd Gen),15,22,1319.78,14,107.14
2025-08-07,Video Doorbell Pro 2,11,19,4749.81,12,91.67
2025-08-07,Ring Alarm 8-piece,12,18,4499.82,21,57.14
2025-08-07,Stick Up Cam Battery,14,19,1899.81,14,100.0
2025-08-07,Indoor Cam (2nd Gen),9,11,659.89,16,56.25
2025-08-08,Ring Alarm 8-piece,15,26,6499.74,21,71.43
2025-08-08,Video Doorbell Pro 2,14,21,5249.79,19,73.68
2025-08-08,Stick Up Cam Battery,12,19,1899.81,15,80.0
2025-08-08,Indoor Cam (2nd Gen),15,27,1619.73,17,88.24
2025-08-09,Video Doorbell Pro 2,23,35,8749.65,12,191.67
2025-08-09,Ring Alarm 8-piece,15,27,6749.73,21,71.43
2025-08-09,Stick Up Cam Battery,14,20,1999.8,20,70.0
2025-08-09,Indoor Cam (2nd Gen),13,17,1019.83,20,65.0
2025-08-10,Ring Alarm 8-piece,20,31,7749.69,20,100.0
2025-08-10,Video Doorbell Pro 2,10,13,3249.87,18,55.56
2025-08-10,Stick Up Cam Battery,13,19,1899.81,21,61.9
2025-08-10,Indoor Cam (2nd Gen),18,29,1739.71,17,105.88
2025-08-11,Video Doorbell Pro 2,14,21,5249.79,21,66.67
2025-08-11,Ring Alarm 8-piece,12,16,3999.84,18,66.67
2025-08-11,Stick Up Cam Battery,13,23,2299.77,17,76.47
2025-08-11,Indoor Cam (2nd Gen),15,23,1379.77,12,125.0
2025-08-12,Ring Alarm 8-piece,16,25,6249.75,24,66.67
2025-08-12,Video Doorbell Pro 2,13,19,4749.81,12,108.33
2025-08-12,Stick Up Cam Battery,13,21,2099.79,11,118.18
2025-08-12,Indoor Cam (2nd Gen),13,20,1199.8,24,54.17
2025-08-13,Video Doorbell Pro 2,20,33,8249.67,21,95.24
2025-08-13,Ring Alarm 8-piece,15,24,5999.76,16,93.75
2025-08-13,Stick Up Cam Battery,17,26,2599.74,15,113.33
2025-08-13,Indoor Cam (2nd Gen),18,27,1619.73,21,85.71
2025-08-14,Ring Alarm 8-piece,15,24,5999.76,24,62.5
2025-08-14,Video Doorbell Pro 2,16,22,5499.78,21,76.19
2025-08-14,Stick Up Cam Battery,13,18,1799.82,13,100.0
2025-08-14,Indoor Cam (2nd Gen),16,26,1559.74,18,88.89
2025-08-15,Ring Alarm 8-piece,19,27,6749.73,16,118.75
2025-08-15,Video Doorbell Pro 2,15,22,5499.78,17,88.24
2025-08-15,Stick Up Cam Battery,14,20,1999.8,19,73.68
2025-08-15,Indoor Cam (2nd Gen),17,27,1619.73,20,85.0
2025-08-16,Ring Alarm 8-piece,19,26,6499.74,20,95.0
2025-08-16,Video Doorbell Pro 2,16,22,5499.78,18,88.89
2025-08-16,Stick Up Cam Battery,13,22,2199.78,20,65.0
2025-08-16,Indoor Cam (2nd Gen),21,36,2159.64,16,131.25
2025-08-17,Ring Alarm 8-piece,12,19,4749.81,15,80.0
2025-08-17,Video Doorbell Pro 2,13,18,4499.82,16,81.25
2025-08-17,Stick Up Cam Battery,12,21,2099.79,19,63.16
2025-08-17,Indoor Cam (2nd Gen),15,23,1379.77,18,83.33
2025-08-18,Video Doorbell Pro 2,20,31,7749.69,16,125.0
2025-08-18,Ring Alarm 8-piece,18,28,6999.72,18,100.0
2025-08-18,Stick Up Cam Battery,13,21,2099.79,18,72.22
2025-08-18,Indoor Cam (2nd Gen),21,31,1859.69,18,116.67
2025-08-19,Ring Alarm 8-piece,19,25,6249.75,23,82.61
2025-08-19,Video Doorbell Pro 2,17,25,6249.75,17,100.0
2025-08-19,Stick Up Cam Battery,15,24,2399.76,19,78.95
2025-08-19,Indoor Cam (2nd Gen),15,22,1319.78,15,100.0
2025-08-20,Video Doorbell Pro 2,15,21,5249.79,13,115.38
2025-08-20,Ring Alarm 8-piece,13,20,4999.8,19,68.42
2025-08-20,Stick Up Cam Battery,11,17,1699.83,11,100.0
2025-08-20,Indoor Cam (2nd Gen),14,20,1199.8,6,233.33
2025-08-21,Ring Alarm 8-piece,17,27,6749.73,10,170.0
2025-08-21,Video Doorbell Pro 2,12,17,4249.83,20,60.0
2025-08-21,Stick Up Cam Battery,18,27,2699.73,19,94.74
2025-08-21,Indoor Cam (2nd Gen),18,27,1619.73,27,66.67
2025-08-22,Ring Alarm 8-piece,24,34,8499.66,25,96.0
2025-08-22,Video Doorbell Pro 2,19,28,6999.72,20,95.0
2025-08-22,Indoor Cam (2nd Gen),20,30,1799.7,17,117.65
2025-08-22,Stick Up Cam Battery,12,17,1699.83,16,75.0
2025-08-23,Ring Alarm 8-piece,12,20,4999.8,17,70.59
2025-08-23,Video Doorbell Pro 2,13,18,4499.82,11,118.18
2025-08-23,Stick Up Cam Battery,14,20,1999.8,14,100.0
2025-08-23,Indoor Cam (2nd Gen),13,22,1319.78,20,65.0
2025-08-24,Ring Alarm 8-piece,17,26,6499.74,17,100.0
2025-08-24,Video Doorbell Pro 2,14,25,6249.75,13,107.69
2025-08-24,Stick Up Cam Battery,14,20,1999.8,19,73.68
2025-08-24,Indoor Cam (2nd Gen),16,24,1439.76,18,88.89
2025-08-25,Ring Alarm 8-piece,21,30,7499.7,21,100.0
2025-08-25,Video Doorbell Pro 2,14,21,5249.79,26,53.85
2025-08-25,Stick Up Cam Battery,14,24,2399.76,12,116.67
2025-08-25,Indoor Cam (2nd Gen),16,24,1439.76,25,64.0
2025-08-26,Ring Alarm 8-piece,22,35,8749.65,23,95.65
2025-08-26,Video Doorbell Pro 2,12,20,4999.8,14,85.71
2025-08-26,Stick Up Cam Battery,15,21,2099.79,15,100.0
2025-08-26,Indoor Cam (2nd Gen),14,23,1379.77,14,100.0
2025-08-27,Video Doorbell Pro 2,19,27,6749.73,23,82.61
2025-08-27,Ring Alarm 8-piece,15,22,5499.78,15,100.0
2025-08-27,Stick Up Cam Battery,15,24,2399.76,17,88.24
2025-08-27,Indoor Cam (2nd Gen),11,17,1019.83,19,57.89
2025-08-28,Video Doorbell Pro 2,18,23,5749.77,17,105.88
2025-08-28,Ring Alarm 8-piece,14,22,5499.78,19,73.68
2025-08-28,Stick Up Cam Battery,14,24,2399.76,18,77.78
2025-08-28,Indoor Cam (2nd Gen),12,18,1079.82,20,60.0
2025-08-29,Video Doorbell Pro 2,15,24,5999.76,21,71.43
2025-08-29,Ring Alarm 8-piece,11,17,4249.83,11,100.0
2025-08-29,Stick Up Cam Battery,21,29,2899.71,14,150.0
2025-08-29,Indoor Cam (2nd Gen),14,23,1379.77,14,100.0
2025-08-30,Ring Alarm 8-piece,20,32,7999.68,14,142.86
2025-08-30,Video Doorbell Pro 2,17,25,6249.75,14,121.43
2025-08-30,Stick Up Cam Battery,15,19,1899.81,19,78.95
2025-08-30,Indoor Cam (2nd Gen),13,19,1139.81,14,92.86
2025-08-31,Video Doorbell Pro 2,19,29,7249.71,24,79.17
2025-08-31,Ring Alarm 8-piece,18,27,6749.73,16,112.5
2025-08-31,Stick Up Cam Battery,20,29,2899.71,23,86.96
2025-08-31,Indoor Cam (2nd Gen),23,32,1919.68,20,115.0
2025-09-01,Ring Alarm 8-piece,20,31,7749.69,12,166.67
2025-09-01,Video Doorbell Pro 2,16,25,6249.75,25,64.0
2025-09-01,Stick Up Cam Battery,19,32,3199.68,20,95.0
2025-09-01,Indoor Cam (2nd Gen),16,24,1439.76,20,80.0
2025-09-02,Ring Alarm 8-piece,24,36,8999.64,18,133.33
2025-09-02,Video Doorbell Pro 2,21,29,7249.71,17,123.53
2025-09-02,Stick Up Cam Battery,16,25,2499.75,27,59.26
2025-09-02,Indoor Cam (2nd Gen),24,34,2039.66,17,141.18
2025-09-03,Ring Alarm 8-piece,16,23,5749.77,17,94.12
2025-09-03,Video Doorbell Pro 2,13,19,4749.81,6,216.67
2025-09-03,Stick Up Cam Battery,15,21,2099.79,21,71.43
2025-09-03,Indoor Cam (2nd Gen),8,12,719.88,17,47.06
2025-09-04,Video Doorbell Pro 2,20,31,7749.69,23,86.96
2025-09-04,Ring Alarm 8-piece,15,22,5499.78,17,88.24
2025-09-04,Stick Up Cam Battery,22,37,3699.63,15,146.67
2025-09-04,Indoor Cam (2nd Gen),20,31,1859.69,22,90.91
2025-09-05,Video Doorbell Pro 2,22,31,7749.69,18,122.22
2025-09-05,Ring Alarm 8-piece,16,24,5999.76,22,72.73
2025-09-05,Indoor Cam (2nd Gen),20,29,1739.71,15,133.33
2025-09-05,Stick Up Cam Battery,11,17,1699.83,18,61.11
2025-09-06,Video Doorbell Pro 2,20,31,7749.69,10,200.0
2025-09-06,Ring Alarm 8-piece,15,22,5499.78,22,68.18
2025-09-06,Stick Up Cam Battery,15,25,2499.75,16,93.75
2025-09-06,Indoor Cam (2nd Gen),16,26,1559.74,24,66.67
2025-09-07,Ring Alarm 8-piece,16,28,6999.72,27,59.26
2025-09-07,Video Doorbell Pro 2,15,26,6499.74,14,107.14
2025-09-07,Stick Up Cam Battery,18,25,2499.75,11,163.64
2025-09-07,Indoor Cam (2nd Gen),9,12,719.88,21,42.86
2025-09-08,Ring Alarm 8-piece,18,32,7999.68,20,90.0
2025-09-08,Video Doorbell Pro 2,13,17,4249.83,17,76.47
2025-09-08,Stick Up Cam Battery,25,36,3599.64,13,192.31
2025-09-08,Indoor Cam (2nd Gen),12,18,1079.82,22,54.55
2025-09-09,Video Doorbell Pro 2,16,24,5999.76,18,88.89
2025-09-09,Ring Alarm 8-piece,12,21,5249.79,11,109.09
2025-09-09,Stick Up Cam Battery,11,13,1299.87,21,52.38
2025-09-09,Indoor Cam (2nd Gen),11,17,1019.83,25,44.0
2025-09-10,Video Doorbell Pro 2,14,21,5249.79,20,70.0
2025-09-10,Ring Alarm 8-piece,13,20,4999.8,12,108.33
2025-09-10,Stick Up Cam Battery,22,34,3399.66,13,169.23
2025-09-10,Indoor Cam (2nd Gen),21,26,1559.74,16,131.25
2025-09-11,Video Doorbell Pro 2,17,30,7499.7,14,121.43
2025-09-11,Ring Alarm 8-piece,15,25,6249.75,21,71.43
2025-09-11,Stick Up Cam Battery,19,26,2599.74,16,118.75
2025-09-11,Indoor Cam (2nd Gen),14,21,1259.79,13,107.69
2025-09-12,Ring Alarm 8-piece,12,17,4249.83,23,52.17
2025-09-12,Video Doorbell Pro 2,11,16,3999.84,13,84.62
2025-09-12,Stick Up Cam Battery,16,25,2499.75,13,123.08
2025-09-12,Indoor Cam (2nd Gen),11,18,1079.82,11,100.0
2025-09-13,Video Doorbell Pro 2,11,16,3999.84,15,73.33
2025-09-13,Ring Alarm 8-piece,8,11,2749.89,13,61.54
2025-09-13,Stick Up Cam Battery,12,18,1799.82,15,80.0
2025-09-13,Indoor Cam (2nd Gen),10,15,899.85,18,55.56
2025-09-14,Ring Alarm 8-piece,13,19,4749.81,15,86.67
2025-09-14,Video Doorbell Pro 2,10,16,3999.84,26,38.46
2025-09-14,Stick Up Cam Battery,11,17,1699.83,19,57.89
2025-09-14,Indoor Cam (2nd Gen),14,23,1379.77,17,82.35
2025-09-15,Ring Alarm 8-piece,19,27,6749.73,20,95.0
2025-09-15,Video Doorbell Pro 2,13,20,4999.8,13,100.0
2025-09-15,Stick Up Cam Battery,22,33,3299.67,15,146.67
2025-09-15,Indoor Cam (2nd Gen),16,23,1379.77,18,88.89
2025-09-16,Video Doorbell Pro 2,12,19,4749.81,15,80.0
2025-09-16,Ring Alarm 8-piece,12,16,3999.84,13,92.31
2025-09-16,Stick Up Cam Battery,15,20,1999.8,9,166.67
2025-09-16,Indoor Cam (2nd Gen),10,16,959.84,21,47.62
2025-09-17,Ring Alarm 8-piece,14,22,5499.78,16,87.5
2025-09-17,Video Doorbell Pro 2,11,15,3749.85,13,84.62
2025-09-17,Stick Up Cam Battery,8,11,1099.89,10,80.0
2025-09-17,Indoor Cam (2nd Gen),12,17,1019.83,22,54.55
2025-09-18,Video Doorbell Pro 2,23,32,7999.68,19,121.05
2025-09-18,Ring Alarm 8-piece,20,29,7249.71,17,117.65
2025-09-18,Stick Up Cam Battery,18,25,2499.75,18,100.0
2025-09-18,Indoor Cam (2nd Gen),18,28,1679.72,19,94.74
2025-09-19,Ring Alarm 8-piece,11,15,3749.85,18,61.11
2025-09-19,Video Doorbell Pro 2,9,12,2999.88,12,75.0
2025-09-19,Stick Up Cam Battery,11,18,1799.82,17,64.71
2025-09-19,Indoor Cam (2nd Gen),8,11,659.89,16,50.0
2025-09-20,Video Doorbell Pro 2,20,29,7249.71,18,111.11
2025-09-20,Ring Alarm 8-piece,15,22,5499.78,21,71.43
2025-09-20,Stick Up Cam Battery,17,24,2399.76,17,100.0
2025-09-20,Indoor Cam (2nd Gen),17,22,1319.78,22,77.27
2025-09-21,Video Doorbell Pro 2,18,25,6249.75,19,94.74
2025-09-21,Ring Alarm 8-piece,15,21,5249.79,19,78.95
2025-09-21,Stick Up Cam Battery,16,26,2599.74,14,114.29
2025-09-21,Indoor Cam (2nd Gen),12,17,1019.83,21,57.14
2025-09-22,Video Doorbell Pro 2,23,30,7499.7,15,153.33
2025-09-22,Ring Alarm 8-piece,12,19,4749.81,19,63.16
2025-09-22,Stick Up Cam Battery,15,25,2499.75,28,53.57
2025-09-22,Indoor Cam (2nd Gen),13,19,1139.81,14,92.86
2025-09-23,Ring Alarm 8-piece,10,15,3749.85,17,58.82
2025-09-23,Video Doorbell Pro 2,8,12,2999.88,14,57.14
2025-09-23,Stick Up Cam Battery,18,25,2499.75,25,72.0
2025-09-23,Indoor Cam (2nd Gen),9,14,839.86,9,100.0
2025-09-24,Video Doorbell Pro 2,15,23,5749.77,15,100.0
2025-09-24,Ring Alarm 8-piece,10,18,4499.82,12,83.33
2025-09-24,Stick Up Cam Battery,9,17,1699.83,15,60.0
2025-09-24,Indoor Cam (2nd Gen),11,16,959.84,13,84.62
2025-09-25,Ring Alarm 8-piece,15,21,5249.79,17,88.24
2025-09-25,Video Doorbell Pro 2,13,21,5249.79,15,86.67
2025-09-25,Stick Up Cam Battery,10,19,1899.81,14,71.43
2025-09-25,Indoor Cam (2nd Gen),17,25,1499.75,16,106.25
2025-09-26,Ring Alarm 8-piece,18,24,5999.76,18,100.0
2025-09-26,Video Doorbell Pro 2,15,20,4999.8,14,107.14
2025-09-26,Stick Up Cam Battery,16,24,2399.76,18,88.89
2025-09-26,Indoor Cam (2nd Gen),19,29,1739.71,18,105.56
2025-09-27,Ring Alarm 8-piece,11,16,3999.84,17,64.71
2025-09-27,Video Doorbell Pro 2,11,16,3999.84,17,64.71
2025-09-27,Stick Up Cam Battery,12,20,1999.8,18,66.67
2025-09-27,Indoor Cam (2nd Gen),11,15,899.85,18,61.11
2025-09-28,Video Doorbell Pro 2,14,22,5499.78,21,66.67
2025-09-28,Ring Alarm 8-piece,13,18,4499.82,18,72.22
2025-09-28,Stick Up Cam Battery,19,28,2799.72,13,146.15
2025-09-28,Indoor Cam (2nd Gen),16,24,1439.76,9,177.78
2025-09-29,Ring Alarm 8-piece,20,29,7249.71,16,125.0
2025-09-29,Video Doorbell Pro 2,12,18,4499.82,22,54.55
2025-09-29,Stick Up Cam Battery,18,29,2899.71,18,100.0
2025-09-29,Indoor Cam (2nd Gen),13,17,1019.83,19,68.42
2025-09-30,Video Doorbell Pro 2,17,24,5999.76,24,70.83
2025-09-30,Ring Alarm 8-piece,10,15,3749.85,23,43.48
2025-09-30,Stick Up Cam Battery,12,21,2099.79,14,85.71
2025-09-30,Indoor Cam (2nd Gen),10,16,959.84,13,76.92
2025-10-01,Ring Alarm 8-piece,20,30,7499.7,20,100.0
2025-10-01,Video Doorbell Pro 2,13,18,4499.82,20,65.0
2025-10-01,Stick Up Cam Battery,14,24,2399.76,18,77.78
2025-10-01,Indoor Cam (2nd Gen),16,22,1319.78,22,72.73
2025-10-02,Ring Alarm 8-piece,14,21,5249.79,19,73.68
2025-10-02,Video Doorbell Pro 2,10,14,3499.86,16,62.5
2025-10-02,Stick Up Cam Battery,11,18,1799.82,10,110.0
2025-10-02,Indoor Cam (2nd Gen),12,18,1079.82,17,70.59
2025-10-03,Ring Alarm 8-piece,12,23,5749.77,19,63.16
2025-10-03,Video Doorbell Pro 2,15,20,4999.8,16,93.75
2025-10-03,Indoor Cam (2nd Gen),15,20,1199.8,13,115.38
2025-10-03,Stick Up Cam Battery,6,10,999.9,16,37.5
2025-10-04,Video Doorbell Pro 2,19,31,7749.69,18,105.56
2025-10-04,Ring Alarm 8-piece,19,29,7249.71,14,135.71
2025-10-04,Stick Up Cam Battery,14,20,1999.8,15,93.33
2025-10-04,Indoor Cam (2nd Gen),16,21,1259.79,17,94.12
2025-10-05,Video Doorbell Pro 2,13,21,5249.79,25,52.0
2025-10-05,Ring Alarm 8-piece,10,17,4249.83,14,71.43
2025-10-05,Stick Up Cam Battery,15,25,2499.75,19,78.95
2025-10-05,Indoor Cam (2nd Gen),15,21,1259.79,15,100.0
2025-10-06,Ring Alarm 8-piece,17,26,6499.74,19,89.47
2025-10-06,Video Doorbell Pro 2,15,23,5749.77,18,83.33
2025-10-06,Stick Up Cam Battery,16,22,2199.78,21,76.19
2025-10-06,Indoor Cam (2nd Gen),13,22,1319.78,12,108.33
2025-10-07,Ring Alarm 8-piece,15,21,5249.79,18,83.33
2025-10-07,Video Doorbell Pro 2,12,20,4999.8,20,60.0
2025-10-07,Stick Up Cam Battery,10,14,1399.86,14,71.43
2025-10-07,Indoor Cam (2nd Gen),13,18,1079.82,15,86.67
2025-10-08,Ring Alarm 8-piece,18,28,6999.72,19,94.74
2025-10-08,Video Doorbell Pro 2,15,22,5499.78,18,83.33
2025-10-08,Stick Up Cam Battery,12,19,1899.81,18,66.67
2025-10-08,Indoor Cam (2nd Gen),15,23,1379.77,13,115.38
2025-10-09,Ring Alarm 8-piece,19,29,7249.71,15,126.67
2025-10-09,Video Doorbell Pro 2,11,18,4499.82,14,78.57
2025-10-09,Stick Up Cam Battery,12,20,1999.8,17,70.59
2025-10-09,Indoor Cam (2nd Gen),10,15,899.85,19,52.63
2025-10-10,Ring Alarm 8-piece,15,26,6499.74,18,83.33
2025-10-10,Video Doorbell Pro 2,11,20,4999.8,19,57.89
2025-10-10,Stick Up Cam Battery,8,12,1199.88,17,47.06
2025-10-10,Indoor Cam (2nd Gen),9,14,839.86,11,81.82
2025-10-11,Video Doorbell Pro 2,22,31,7749.69,15,146.67
2025-10-11,Ring Alarm 8-piece,22,30,7499.7,20,110.0
2025-10-11,Stick Up Cam Battery,22,33,3299.67,26,84.62
2025-10-11,Indoor Cam (2nd Gen),14,20,1199.8,16,87.5
2025-10-12,Ring Alarm 8-piece,18,27,6749.73,18,100.0
2025-10-12,Video Doorbell Pro 2,14,19,4749.81,13,107.69
2025-10-12,Stick Up Cam Battery,18,24,2399.76,19,94.74
2025-10-12,Indoor Cam (2nd Gen),17,22,1319.78,23,73.91
2025-10-13,Video Doorbell Pro 2,18,30,7499.7,22,81.82
2025-10-13,Ring Alarm 8-piece,14,20,4999.8,13,107.69
2025-10-13,Stick Up Cam Battery,14,22,2199.78,17,82.35
2025-10-13,Indoor Cam (2nd Gen),20,29,1739.71,19,105.26
2025-10-14,Video Doorbell Pro 2,25,39,9749.61,25,100.0
2025-10-14,Ring Alarm 8-piece,17,26,6499.74,16,106.25
2025-10-14,Stick Up Cam Battery,19,29,2899.71,18,105.56
2025-10-14,Indoor Cam (2nd Gen),14,22,1319.78,24,58.33
2025-10-15,Video Doorbell Pro 2,10,15,3749.85,13,76.92
2025-10-15,Ring Alarm 8-piece,8,14,3499.86,17,47.06
2025-10-15,Stick Up Cam Battery,16,21,2099.79,9,177.78
2025-10-15,Indoor Cam (2nd Gen),9,11,659.89,15,60.0
2025-10-16,Video Doorbell Pro 2,16,24,5999.76,21,76.19
2025-10-16,Ring Alarm 8-piece,14,20,4999.8,19,73.68
2025-10-16,Stick Up Cam Battery,18,27,2699.73,16,112.5
2025-10-16,Indoor Cam (2nd Gen),14,19,1139.81,17,82.35
2025-10-17,Video Doorbell Pro 2,14,25,6249.75,24,58.33
2025-10-17,Ring Alarm 8-piece,14,21,5249.79,24,58.33
2025-10-17,Stick Up Cam Battery,16,25,2499.75,17,94.12
2025-10-17,Indoor Cam (2nd Gen),12,19,1139.81,16,75.0
2025-10-18,Video Doorbell Pro 2,23,36,8999.64,18,127.78
2025-10-18,Ring Alarm 8-piece,12,16,3999.84,22,54.55
2025-10-18,Stick Up Cam Battery,18,29,2899.71,22,81.82
2025-10-18,Indoor Cam (2nd Gen),19,30,1799.7,15,126.67
2025-10-19,Video Doorbell Pro 2,23,34,8499.66,23,100.0
2025-10-19,Ring Alarm 8-piece,19,28,6999.72,19,100.0
2025-10-19,Stick Up Cam Battery,17,23,2299.77,21,80.95
2025-10-19,Indoor Cam (2nd Gen),22,37,2219.63,18,122.22
2025-10-20,Video Doorbell Pro 2,10,16,3999.84,13,76.92
2025-10-20,Ring Alarm 8-piece,6,10,2499.9,17,35.29
2025-10-20,Stick Up Cam Battery,6,9,899.91,11,54.55
2025-10-20,Indoor Cam (2nd Gen),7,12,719.88,19,36.84
2025-10-21,Ring Alarm 8-piece,20,28,6999.72,19,105.26
2025-10-21,Video Doorbell Pro 2,13,20,4999.8,19,68.42
2025-10-21,Stick Up Cam Battery,15,22,2199.78,16,93.75
2025-10-21,Indoor Cam (2nd Gen),14,22,1319.78,17,82.35
2025-10-22,Video Doorbell Pro 2,21,29,7249.71,19,110.53
2025-10-22,Ring Alarm 8-piece,15,25,6249.75,24,62.5
2025-10-22,Stick Up Cam Battery,15,23,2299.77,16,93.75
2025-10-22,Indoor Cam (2nd Gen),19,29,1739.71,16,118.75
2025-10-23,Ring Alarm 8-piece,12,17,4249.83,4,300.0
2025-10-23,Video Doorbell Pro 2,12,17,4249.83,22,54.55
2025-10-23,Stick Up Cam Battery,9,13,1299.87,19,47.37
2025-10-23,Indoor Cam (2nd Gen),15,20,1199.8,17,88.24
2025-10-24,Video Doorbell Pro 2,14,24,5999.76,22,63.64
2025-10-24,Ring Alarm 8-piece,14,18,4499.82,18,77.78
2025-10-24,Stick Up Cam Battery,17,25,2499.75,12,141.67
2025-10-24,Indoor Cam (2nd Gen),14,23,1379.77,14,100.0
2025-10-25,Video Doorbell Pro 2,22,32,7999.68,19,115.79
2025-10-25,Ring Alarm 8-piece,14,21,5249.79,17,82.35
2025-10-25,Stick Up Cam Battery,15,22,2199.78,18,83.33
2025-10-25,Indoor Cam (2nd Gen),15,26,1559.74,14,107.14
2025-10-26,Ring Alarm 8-piece,21,33,8249.67,19,110.53
2025-10-26,Video Doorbell Pro 2,14,25,6249.75,12,116.67
2025-10-26,Stick Up Cam Battery,15,22,2199.78,15,100.0
2025-10-26,Indoor Cam (2nd Gen),15,21,1259.79,13,115.38
2025-10-27,Ring Alarm 8-piece,20,32,7999.68,16,125.0
2025-10-27,Video Doorbell Pro 2,19,29,7249.71,21,90.48
2025-10-27,Stick Up Cam Battery,18,28,2799.72,14,128.57
2025-10-27,Indoor Cam (2nd Gen),17,22,1319.78,20,85.0
2025-10-28,Video Doorbell Pro 2,15,25,6249.75,15,100.0
2025-10-28,Ring Alarm 8-piece,13,20,4999.8,17,76.47
2025-10-28,Stick Up Cam Battery,13,18,1799.82,13,100.0
2025-10-28,Indoor Cam (2nd Gen),10,16,959.84,12,83.33
2025-10-29,Video Doorbell Pro 2,19,27,6749.73,23,82.61
2025-10-29,Ring Alarm 8-piece,14,21,5249.79,11,127.27
2025-10-29,Stick Up Cam Battery,17,22,2199.78,17,100.0
2025-10-29,Indoor Cam (2nd Gen),15,26,1559.74,17,88.24
2025-10-30,Ring Alarm 8-piece,20,29,7249.71,20,100.0
2025-10-30,Video Doorbell Pro 2,16,23,5749.77,18,88.89
2025-10-30,Stick Up Cam Battery,14,21,2099.79,14,100.0
2025-10-30,Indoor Cam (2nd Gen),14,20,1199.8,13,107.69
2025-10-31,Video Doorbell Pro 2,20,30,7499.7,11,181.82
2025-10-31,Ring Alarm 8-piece,15,23,5749.77,21,71.43
2025-10-31,Stick Up Cam Battery,18,28,2799.72,19,94.74
2025-10-31,Indoor Cam (2nd Gen),15,21,1259.79,20,75.0
2025-11-01,Ring Alarm 8-piece,16,23,5749.77,15,106.67
2025-11-01,Video Doorbell Pro 2,14,19,4749.81,12,116.67
2025-11-01,Stick Up Cam Battery,13,21,2099.79,20,65.0
2025-11-01,Indoor Cam (2nd Gen),13,17,1019.83,20,65.0
2025-11-02,Ring Alarm 8-piece,21,32,7999.68,12,175.0
2025-11-02,Video Doorbell Pro 2,11,18,4499.82,17,64.71
2025-11-02,Stick Up Cam Battery,12,19,1899.81,18,66.67
2025-11-02,Indoor Cam (2nd Gen),8,11,659.89,11,72.73
2025-11-03,Ring Alarm 8-piece,22,33,8249.67,19,115.79
2025-11-03,Video Doorbell Pro 2,18,27,6749.73,13,138.46
2025-11-03,Stick Up Cam Battery,19,27,2699.73,23,82.61
2025-11-03,Indoor Cam (2nd Gen),15,23,1379.77,13,115.38
2025-11-04,Ring Alarm 8-piece,15,21,5249.79,20,75.0
2025-11-04,Video Doorbell Pro 2,14,20,4999.8,14,100.0
2025-11-04,Stick Up Cam Battery,15,24,2399.76,12,125.0
2025-11-04,Indoor Cam (2nd Gen),13,20,1199.8,25,52.0
2025-11-05,Ring Alarm 8-piece,12,16,3999.84,12,100.0
2025-11-05,Video Doorbell Pro 2,7,11,2749.89,15,46.67
2025-11-05,Stick Up Cam Battery,7,12,1199.88,20,35.0
2025-11-05,Indoor Cam (2nd Gen),11,15,899.85,13,84.62
2025-11-06,Ring Alarm 8-piece,21,30,7499.7,11,190.91
2025-11-06,Video Doorbell Pro 2,19,30,7499.7,26,73.08
2025-11-06,Stick Up Cam Battery,19,28,2799.72,14,135.71
2025-11-06,Indoor Cam (2nd Gen),17,28,1679.72,16,106.25
2025-11-07,Ring Alarm 8-piece,15,24,5999.76,17,88.24
2025-11-07,Video Doorbell Pro 2,9,15,3749.85,12,75.0
2025-11-07,Stick Up Cam Battery,19,23,2299.77,16,118.75
2025-11-07,Indoor Cam (2nd Gen),13,21,1259.79,24,54.17
2025-11-08,Video Doorbell Pro 2,19,28,6999.72,11,172.73
2025-11-08,Ring Alarm 8-piece,11,19,4749.81,14,78.57
2025-11-08,Stick Up Cam Battery,17,29,2899.71,20,85.0
2025-11-08,Indoor Cam (2nd Gen),19,33,1979.67,15,126.67
2025-11-09,Ring Alarm 8-piece,15,25,6249.75,21,71.43
2025-11-09,Video Doorbell Pro 2,12,20,4999.8,11,109.09
2025-11-09,Stick Up Cam Battery,13,20,1999.8,13,100.0
2025-11-09,Indoor Cam (2nd Gen),11,16,959.84,14,78.57
2025-11-10,Ring Alarm 8-piece,13,23,5749.77,17,76.47
2025-11-10,Video Doorbell Pro 2,14,22,5499.78,21,66.67
2025-11-10,Stick Up Cam Battery,21,28,2799.72,11,190.91
2025-11-10,Indoor Cam (2nd Gen),22,34,2039.66,19,115.79
2025-11-11,Ring Alarm 8-piece,14,23,5749.77,13,107.69
2025-11-11,Video Doorbell Pro 2,13,20,4999.8,10,130.0
2025-11-11,Stick Up Cam Battery,8,11,1099.89,23,34.78
2025-11-11,Indoor Cam (2nd Gen),14,18,1079.82,15,93.33
2025-11-12,Ring Alarm 8-piece,20,30,7499.7,18,111.11
2025-11-12,Video Doorbell Pro 2,14,22,5499.78,16,87.5
2025-11-12,Stick Up Cam Battery,20,30,2999.7,16,125.0
2025-11-12,Indoor Cam (2nd Gen),15,21,1259.79,16,93.75
2025-11-13,Ring Alarm 8-piece,14,22,5499.78,24,58.33
2025-11-13,Video Doorbell Pro 2,16,19,4749.81,15,106.67
2025-11-13,Stick Up Cam Battery,11,18,1799.82,14,78.57
2025-11-13,Indoor Cam (2nd Gen),18,28,1679.72,17,105.88
2025-11-14,Video Doorbell Pro 2,10,18,4499.82,19,52.63
2025-11-14,Ring Alarm 8-piece,10,16,3999.84,9,111.11
2025-11-14,Stick Up Cam Battery,7,11,1099.89,16,43.75
2025-11-14,Indoor Cam (2nd Gen),10,15,899.85,14,71.43
2025-11-15,Video Doorbell Pro 2,17,28,6999.72,21,80.95
2025-11-15,Ring Alarm 8-piece,12,17,4249.83,17,70.59
2025-11-15,Stick Up Cam Battery,17,24,2399.76,11,154.55
2025-11-15,Indoor Cam (2nd Gen),23,34,2039.66,24,95.83
2025-11-16,Video Doorbell Pro 2,26,42,10499.58,17,152.94
2025-11-16,Ring Alarm 8-piece,27,41,10249.59,32,84.38
2025-11-16,Stick Up Cam Battery,27,39,3899.61,22,122.73
2025-11-16,Indoor Cam (2nd Gen),17,25,1499.75,24,70.83
2025-11-17,Ring Alarm 8-piece,16,23,5749.77,19,84.21
2025-11-17,Video Doorbell Pro 2,16,23,5749.77,19,84.21
2025-11-17,Stick Up Cam Battery,13,21,2099.79,14,92.86
2025-11-17,Indoor Cam (2nd Gen),20,28,1679.72,25,80.0
2025-11-18,Video Doorbell Pro 2,11,15,3749.85,13,84.62
2025-11-18,Ring Alarm 8-piece,10,12,2999.88,21,47.62
2025-11-18,Stick Up Cam Battery,12,20,1999.8,21,57.14
2025-11-18,Indoor Cam (2nd Gen),17,26,1559.74,12,141.67
2025-11-19,Video Doorbell Pro 2,21,35,8749.65,16,131.25
2025-11-19,Ring Alarm 8-piece,22,32,7999.68,18,122.22
2025-11-19,Stick Up Cam Battery,21,30,2999.7,23,91.3
2025-11-19,Indoor Cam (2nd Gen),20,32,1919.68,22,90.91
2025-11-20,Ring Alarm 8-piece,14,20,4999.8,13,107.69
2025-11-20,Video Doorbell Pro 2,12,19,4749.81,14,85.71
2025-11-20,Stick Up Cam Battery,15,19,1899.81,15,100.0
2025-11-20,Indoor Cam (2nd Gen),14,19,1139.81,16,87.5
2025-11-21,Video Doorbell Pro 2,15,24,5999.76,14,107.14
2025-11-21,Ring Alarm 8-piece,12,20,4999.8,17,70.59
2025-11-21,Stick Up Cam Battery,13,17,1699.83,14,92.86
2025-11-21,Indoor Cam (2nd Gen),11,14,839.86,19,57.89
2025-11-22,Ring Alarm 8-piece,19,31,7749.69,10,190.0
2025-11-22,Video Doorbell Pro 2,14,23,5749.77,20,70.0
2025-11-22,Stick Up Cam Battery,11,18,1799.82,24,45.83
2025-11-22,Indoor Cam (2nd Gen),11,18,1079.82,12,91.67
2025-11-23,Ring Alarm 8-piece,12,18,4499.82,23,52.17
2025-11-23,Video Doorbell Pro 2,11,14,3499.86,15,73.33
2025-11-23,Stick Up Cam Battery,12,19,1899.81,15,80.0
2025-11-23,Indoor Cam (2nd Gen),11,17,1019.83,20,55.0
2025-11-24,Video Doorbell Pro 2,18,28,6999.72,16,112.5
2025-11-24,Ring Alarm 8-piece,15,23,5749.77,16,93.75
2025-11-24,Stick Up Cam Battery,18,28,2799.72,24,75.0
2025-11-24,Indoor Cam (2nd Gen),20,35,2099.65,17,117.65
2025-11-25,Video Doorbell Pro 2,13,22,5499.78,16,81.25
2025-11-25,Ring Alarm 8-piece,6,8,1999.92,15,40.0
2025-11-25,Stick Up Cam Battery,10,17,1699.83,8,125.0
2025-11-25,Indoor Cam (2nd Gen),9,16,959.84,18,50.0
2025-11-26,Ring Alarm 8-piece,21,36,8999.64,20,105.0
2025-11-26,Video Doorbell Pro 2,19,27,6749.73,20,95.0
2025-11-26,Stick Up Cam Battery,16,23,2299.77,19,84.21
2025-11-26,Indoor Cam (2nd Gen),17,28,1679.72,16,106.25
2025-11-27,Video Doorbell Pro 2,13,18,4499.82,10,130.0
2025-11-27,Ring Alarm 8-piece,9,14,3499.86,21,42.86
2025-11-27,Stick Up Cam Battery,15,22,2199.78,16,93.75
2025-11-27,Indoor Cam (2nd Gen),15,23,1379.77,15,100.0
2025-11-28,Video Doorbell Pro 2,15,26,6499.74,22,68.18
2025-11-28,Ring Alarm 8-piece,18,23,5749.77,9,200.0
2025-11-28,Stick Up Cam Battery,14,23,2299.77,14,100.0
2025-11-28,Indoor Cam (2nd Gen),12,19,1139.81,19,63.16
2025-11-29,Video Doorbell Pro 2,19,29,7249.71,16,118.75
2025-11-29,Ring Alarm 8-piece,12,20,4999.8,15,80.0
2025-11-29,Stick Up Cam Battery,17,24,2399.76,13,130.77
2025-11-29,Indoor Cam (2nd Gen),18,26,1559.74,24,75.0
2025-11-30,Video Doorbell Pro 2,14,24,5999.76,15,93.33
2025-11-30,Ring Alarm 8-piece,12,18,4499.82,17,70.59
2025-11-30,Stick Up Cam Battery,12,19,1899.81,16,75.0
2025-11-30,Indoor Cam (2nd Gen),17,22,1319.78,19,89.47
2025-12-01,Video Doorbell Pro 2,18,29,7249.71,13,138.46
2025-12-01,Ring Alarm 8-piece,11,17,4249.83,15,73.33
2025-12-01,Stick Up Cam Battery,15,23,2299.77,14,107.14
2025-12-01,Indoor Cam (2nd Gen),18,24,1439.76,14,128.57
2025-12-02,Video Doorbell Pro 2,12,18,4499.82,13,92.31
2025-12-02,Ring Alarm 8-piece,11,16,3999.84,13,84.62
2025-12-02,Stick Up Cam Battery,14,19,1899.81,17,82.35
2025-12-02,Indoor Cam (2nd Gen),14,22,1319.78,17,82.35
2025-12-03,Ring Alarm 8-piece,19,26,6499.74,28,67.86
2025-12-03,Video Doorbell Pro 2,16,25,6249.75,18,88.89
2025-12-03,Stick Up Cam Battery,16,24,2399.76,19,84.21
2025-12-03,Indoor Cam (2nd Gen),15,21,1259.79,13,115.38
2025-12-04,Video Doorbell Pro 2,16,24,5999.76,18,88.89
2025-12-04,Ring Alarm 8-piece,11,17,4249.83,17,64.71
2025-12-04,Stick Up Cam Battery,16,23,2299.77,11,145.45
2025-12-04,Indoor Cam (2nd Gen),10,15,899.85,20,50.0
2025-12-05,Ring Alarm 8-piece,15,24,5999.76,16,93.75
2025-12-05,Video Doorbell Pro 2,13,22,5499.78,10,130.0
2025-12-05,Stick Up Cam Battery,11,17,1699.83,21,52.38
2025-12-05,Indoor Cam (2nd Gen),9,13,779.87,14,64.29
2025-12-06,Video Doorbell Pro 2,16,27,6749.73,14,114.29
2025-12-06,Ring Alarm 8-piece,13,20,4999.8,16,81.25
2025-12-06,Stick Up Cam Battery,19,31,3099.69,20,95.0
2025-12-06,Indoor Cam (2nd Gen),16,26,1559.74,20,80.0
2025-12-07,Video Doorbell Pro 2,20,28,6999.72,20,100.0
2025-12-07,Ring Alarm 8-piece,17,24,5999.76,24,70.83
2025-12-07,Stick Up Cam Battery,13,20,1999.8,15,86.67
2025-12-07,Indoor Cam (2nd Gen),18,25,1499.75,20,90.0
2025-12-08,Video Doorbell Pro 2,13,18,4499.82,13,100.0
2025-12-08,Ring Alarm 8-piece,10,17,4249.83,13,76.92
2025-12-08,Stick Up Cam Battery,11,14,1399.86,13,84.62
2025-12-08,Indoor Cam (2nd Gen),12,15,899.85,17,70.59
2025-12-09,Video Doorbell Pro 2,15,24,5999.76,18,83.33
2025-12-09,Ring Alarm 8-piece,14,21,5249.79,16,87.5
2025-12-09,Stick Up Cam Battery,16,25,2499.75,14,114.29
2025-12-09,Indoor Cam (2nd Gen),17,27,1619.73,12,141.67
2025-12-10,Video Doorbell Pro 2,10,14,3499.86,15,66.67
2025-12-10,Ring Alarm 8-piece,10,13,3249.87,15,66.67
2025-12-10,Indoor Cam (2nd Gen),16,25,1499.75,10,160.0
2025-12-10,Stick Up Cam Battery,9,13,1299.87,13,69.23
2025-12-11,Ring Alarm 8-piece,13,21,5249.79,21,61.9
2025-12-11,Video Doorbell Pro 2,10,14,3499.86,14,71.43
2025-12-11,Stick Up Cam Battery,14,17,1699.83,19,73.68
2025-12-11,Indoor Cam (2nd Gen),15,25,1499.75,16,93.75
2025-12-12,Video Doorbell Pro 2,15,28,6999.72,16,93.75
2025-12-12,Ring Alarm 8-piece,14,19,4749.81,18,77.78
2025-12-12,Stick Up Cam Battery,15,20,1999.8,20,75.0
2025-12-12,Indoor Cam (2nd Gen),12,17,1019.83,19,63.16
2025-12-13,Ring Alarm 8-piece,18,30,7499.7,15,120.0
2025-12-13,Video Doorbell Pro 2,17,26,6499.74,20,85.0
2025-12-13,Stick Up Cam Battery,10,17,1699.83,14,71.43
2025-12-13,Indoor Cam (2nd Gen),16,23,1379.77,18,88.89
2025-12-14,Video Doorbell Pro 2,22,31,7749.69,16,137.5
2025-12-14,Ring Alarm 8-piece,13,20,4999.8,18,72.22
2025-12-14,Stick Up Cam Battery,17,23,2299.77,17,100.0
2025-12-14,Indoor Cam (2nd Gen),20,27,1619.73,22,90.91
2025-12-15,Ring Alarm 8-piece,18,26,6499.74,14,128.57
2025-12-15,Video Doorbell Pro 2,17,25,6249.75,18,94.44
2025-12-15,Stick Up Cam Battery,14,22,2199.78,10,140.0
2025-12-15,Indoor Cam (2nd Gen),17,22,1319.78,15,113.33
2025-12-16,Video Doorbell Pro 2,20,29,7249.71,18,111.11
2025-12-16,Ring Alarm 8-piece,15,22,5499.78,25,60.0
2025-12-16,Stick Up Cam Battery,18,24,2399.76,14,128.57
2025-12-16,Indoor Cam (2nd Gen),16,25,1499.75,21,76.19
2025-12-17,Ring Alarm 8-piece,20,29,7249.71,18,111.11
2025-12-17,Video Doorbell Pro 2,13,19,4749.81,16,81.25
2025-12-17,Stick Up Cam Battery,18,28,2799.72,19,94.74
2025-12-17,Indoor Cam (2nd Gen),19,30,1799.7,20,95.0
2025-12-18,Ring Alarm 8-piece,24,35,8749.65,22,109.09
2025-12-18,Video Doorbell Pro 2,19,24,5999.76,14,135.71
2025-12-18,Stick Up Cam Battery,23,32,3199.68,21,109.52
2025-12-18,Indoor Cam (2nd Gen),20,28,1679.72,24,83.33
2025-12-19,Ring Alarm 8-piece,20,30,7499.7,24,83.33
2025-12-19,Video Doorbell Pro 2,18,29,7249.71,19,94.74
2025-12-19,Stick Up Cam Battery,21,32,3199.68,19,110.53
2025-12-19,Indoor Cam (2nd Gen),15,22,1319.78,20,75.0
2025-12-20,Ring Alarm 8-piece,18,25,6249.75,14,128.57
2025-12-20,Video Doorbell Pro 2,16,25,6249.75,19,84.21
2025-12-20,Stick Up Cam Battery,18,29,2899.71,15,120.0
2025-12-20,Indoor Cam (2nd Gen),19,31,1859.69,20,95.0
2025-12-21,Ring Alarm 8-piece,16,21,5249.79,16,100.0
2025-12-21,Video Doorbell Pro 2,9,14,3499.86,12,75.0
2025-12-21,Stick Up Cam Battery,19,28,2799.72,19,100.0
2025-12-21,Indoor Cam (2nd Gen),12,18,1079.82,26,46.15
2025-12-22,Ring Alarm 8-piece,20,33,8249.67,23,86.96
2025-12-22,Video Doorbell Pro 2,17,26,6499.74,20,85.0
2025-12-22,Stick Up Cam Battery,15,23,2299.77,19,78.95
2025-12-22,Indoor Cam (2nd Gen),18,28,1679.72,7,257.14
2025-12-23,Video Doorbell Pro 2,18,24,5999.76,15,120.0
2025-12-23,Ring Alarm 8-piece,14,19,4749.81,14,100.0
2025-12-23,Stick Up Cam Battery,15,23,2299.77,22,68.18
2025-12-23,Indoor Cam (2nd Gen),14,22,1319.78,15,93.33
2025-12-24,Ring Alarm 8-piece,17,24,5999.76,15,113.33
2025-12-24,Video Doorbell Pro 2,12,19,4749.81,17,70.59
2025-12-24,Stick Up Cam Battery,12,20,1999.8,17,70.59
2025-12-24,Indoor Cam (2nd Gen),9,14,839.86,19,47.37
2025-12-25,Ring Alarm 8-piece,13,19,4749.81,11,118.18
2025-12-25,Video Doorbell Pro 2,10,16,3999.84,13,76.92
2025-12-25,Stick Up Cam Battery,14,21,2099.79,15,93.33
2025-12-25,Indoor Cam (2nd Gen),14,21,1259.79,16,87.5
2025-12-26,Video Doorbell Pro 2,21,29,7249.71,16,131.25
2025-12-26,Ring Alarm 8-piece,18,26,6499.74,22,81.82
2025-12-26,Stick Up Cam Battery,19,29,2899.71,18,105.56
2025-12-26,Indoor Cam (2nd Gen),18,27,1619.73,16,112.5
2025-12-27,Ring Alarm 8-piece,14,21,5249.79,15,93.33
2025-12-27,Video Doorbell Pro 2,7,10,2499.9,16,43.75
2025-12-27,Indoor Cam (2nd Gen),15,22,1319.78,10,150.0
2025-12-27,Stick Up Cam Battery,9,12,1199.88,17,52.94
2025-12-28,Video Doorbell Pro 2,15,19,4749.81,15,100.0
2025-12-28,Ring Alarm 8-piece,13,17,4249.83,22,59.09
2025-12-28,Stick Up Cam Battery,16,25,2499.75,21,76.19
2025-12-28,Indoor Cam (2nd Gen),14,20,1199.8,18,77.78
2025-12-29,Ring Alarm 8-piece,16,27,6749.73,11,145.45
2025-12-29,Video Doorbell Pro 2,13,17,4249.83,17,76.47
2025-12-29,Stick Up Cam Battery,16,20,1999.8,20,80.0
2025-12-29,Indoor Cam (2nd Gen),15,24,1439.76,16,93.75
2025-12-30,Ring Alarm 8-piece,19,31,7749.69,15,126.67
2025-12-30,Video Doorbell Pro 2,14,18,4499.82,22,63.64
2025-12-30,Stick Up Cam Battery,19,29,2899.71,12,158.33
2025-12-30,Indoor Cam (2nd Gen),11,16,959.84,17,64.71
2025-12-31,Video Doorbell Pro 2,18,26,6499.74,14,128.57
2025-12-31,Ring Alarm 8-piece,16,24,5999.76,16,100.0
2025-12-31,Stick Up Cam Battery,19,31,3099.69,30,63.33
2025-12-31,Indoor Cam (2nd Gen),19,30,1799.7,22,86.36
